<?xml version="1.0" encoding="ISO-8859-15"?>
<uc-export clientvers="11.2.0+build.7957">
<DOCU name="PCK.AUTOMIC_MSI.PUB.DOC">
<HEADER state="1">
<Title/>
<ArchiveKey1/>
<ArchiveKey2/>
<OH_SubType/>
</HEADER>
<DOCU_Docu state="1" type="text">
<DOC><![CDATA[These actions install/uninstall or check the state of MSI packages on Windows operation systems.

=Supported Platforms=

See http://docs.automic.com/compatibility?len=Package.MSI&comp=PCK.AUTOMIC_MSI&version=1.0.2

=Rollback=

The actions getting some system information don't need rollbacks, because they do not change the state of your system. Such a method is CHECK_MSI_IS_INSTALLED.

Actions potentially changing the state of your system (INSTALL, UNINSTALL) do not have rollbacks defined yet.
]]></DOC>
</DOCU_Docu>
</DOCU>
</uc-export>