<?xml version="1.0" encoding="ISO-8859-15" standalone="no"?>
<uc-export clientvers="11.2.0+build.7957">
<FolderStruct>
<includeExternalObjects>0</includeExternalObjects>
<FOLD name="PCK.AUTOMIC_MSI" title="">
<VARA id="1673394" link="0" name="PCK.AUTOMIC_MSI.PUB.VAR.METADATA"/>
<FOLD name="ACTIONS" title="">
<FOLD name="PACKAGE_MANAGER" title="">
<FOLD name="MSI" title="">
<JOBP id="1674705" link="1" name="PCK.AUTOMIC_MSI.PUB.ACTION.CHECK_MSI_IS_INSTALLED"/>
<JOBP id="1672007" link="1" name="PCK.AUTOMIC_MSI.PUB.ACTION.UNINSTALL_MSI"/>
<JOBP id="1674707" link="1" name="PCK.AUTOMIC_MSI.PUB.ACTION.INSTALL_MSI"/>
</FOLD>
</FOLD>
</FOLD>
<FOLD name="CONFIG" title="">
<VARA id="1675190" link="0" name="PCK.AUTOMIC_MSI.PUB.PROMPT_EXTERNAL_MAP"/>
</FOLD>
<FOLD name="DOCUMENTATION" title="">
<DOCU id="1674698" link="0" name="PCK.AUTOMIC_MSI.PUB.DOC"/>
<DOCU id="1671985" link="0" name="PCK.AUTOMIC_MSI.PUB.LICENSES"/>
</FOLD>
<FOLD name="RESOURCES" title="">
<FOLD name="INTERPRETERS" title=""/>
<FOLD name="LIBS" title=""/>
<FOLD name="SCRIPTS" title=""/>
</FOLD>
<FOLD name="SOURCE" title="">
<FOLD name="CHECK_MSI_IS_INSTALLED" title="">
<JOBP id="1674705" link="0" name="PCK.AUTOMIC_MSI.PUB.ACTION.CHECK_MSI_IS_INSTALLED"/>
<FOLD name="INTERNAL" title="">
<FOLD name="INCLUDES" title=""/>
<FOLD name="JOBS" title="">
<JOBS_WINDOWS id="1674715" link="0" name="PCK.AUTOMIC_MSI.PRV.JOB.CHECK_MSI_IS_INSTALLED@WINDOWS"/>
</FOLD>
<FOLD name="PROMPTSETS" title="">
<PRPT id="1674716" link="0" name="PCK.AUTOMIC_MSI.PRV.PROMPTSET.CHECK_MSI_IS_INSTALLED"/>
</FOLD>
<FOLD name="ROLLBACK" title=""/>
<FOLD name="VARIABLES" title=""/>
</FOLD>
</FOLD>
<FOLD name="INSTALL_MSI" title="">
<JOBP id="1674707" link="0" name="PCK.AUTOMIC_MSI.PUB.ACTION.INSTALL_MSI"/>
<FOLD name="INTERNAL" title="">
<FOLD name="INCLUDES" title=""/>
<FOLD name="JOBS" title="">
<JOBS_WINDOWS id="1669108" link="0" name="PCK.AUTOMIC_MSI.PRV.JOB.INSTALL_MSI@WINDOWS"/>
</FOLD>
<FOLD name="PROMPTSETS" title="">
<PRPT id="1671998" link="0" name="PCK.AUTOMIC_MSI.PRV.PROMPTSET.INSTALL_MSI"/>
</FOLD>
<FOLD name="ROLLBACK" title=""/>
<FOLD name="VARIABLES" title=""/>
</FOLD>
</FOLD>
<FOLD name="SHARED" title="">
<FOLD name="INCLUDES" title=""/>
<FOLD name="JOBS" title=""/>
<FOLD name="PROMPTSETS" title=""/>
<FOLD name="ROLLBACK" title=""/>
<FOLD name="VARIABLES" title=""/>
</FOLD>
<FOLD name="UNINSTALL_MSI" title="">
<JOBP id="1672007" link="0" name="PCK.AUTOMIC_MSI.PUB.ACTION.UNINSTALL_MSI"/>
<FOLD name="INTERNAL" title="">
<FOLD name="INCLUDES" title=""/>
<FOLD name="JOBS" title="">
<JOBS_WINDOWS id="1671999" link="0" name="PCK.AUTOMIC_MSI.PRV.JOB.UNINSTALL_MSI@WINDOWS"/>
</FOLD>
<FOLD name="PROMPTSETS" title="">
<PRPT id="1672000" link="0" name="PCK.AUTOMIC_MSI.PRV.PROMPTSET.UNINSTALL_MSI"/>
</FOLD>
<FOLD name="ROLLBACK" title=""/>
<FOLD name="VARIABLES" title=""/>
</FOLD>
</FOLD>
</FOLD>
<FOLD name="TEMPLATES" title=""/>
</FOLD>
</FolderStruct>
<VARA OVD_VRName="FREI" data_type="STATIC" name="PCK.AUTOMIC_MSI.PUB.VAR.METADATA" replacementmode="2">
<HEADER state="1">
<Title/>
<ArchiveKey1/>
<ArchiveKey2/>
<OH_SubType>STATIC</OH_SubType>
</HEADER>
<ATTR_VARA state="1">
<Type>C|Text</Type>
<lblSource>Static</lblSource>
<source>STATIC</source>
<VRName>FREI|Freely selected</VRName>
<NotFoundErr>0</NotFoundErr>
<NotFoundDef>1</NotFoundDef>
<ShareN>0</ShareN>
<ShareL>0</ShareL>
<ShareR>0</ShareR>
<MaxValue_C>1024</MaxValue_C>
<CheckMax_C>0</CheckMax_C>
<uppercase>0</uppercase>
<sortColumn>0</sortColumn>
<sortDirection>0</sortDirection>
</ATTR_VARA>
<VARA state="1">
<Variables>
<row Name="Categories" Value="System, Utilities" Value1="" Value2="" Value3="" Value4=""/>
<row Name="Company" Value="Automic Software GmbH" Value1="" Value2="" Value3="" Value4=""/>
<row Name="Dependencies" Value="PCK.ITPA_SHARED ~&gt; 1.1" Value1="" Value2="" Value3="" Value4=""/>
<row Name="Description" Value="These actions install/uninstall or check the state of MSI packages on Windows operation systems." Value1="" Value2="" Value3="" Value4=""/>
<row Name="Homepage" Value="www.automic.com" Value1="" Value2="" Value3="" Value4=""/>
<row Name="License" Value="" Value1="" Value2="" Value3="" Value4=""/>
<row Name="Name" Value="PCK.AUTOMIC_MSI" Value1="" Value2="" Value3="" Value4=""/>
<row Name="Package Format Version" Value="0.2.0" Value1="" Value2="" Value3="" Value4=""/>
<row Name="Title" Value="Automic MSI" Value1="" Value2="" Value3="" Value4=""/>
<row Name="Version" Value="1.0.2" Value1="" Value2="" Value3="" Value4=""/>
<row Name="Build Number" Value="1632" Value1="" Value2="" Value3="" Value4=""/>
</Variables>
</VARA>
<DOCU_Docu state="1" type="text">
<DOC/>
</DOCU_Docu>
</VARA>
<VARA OVD_VRName="FREI" data_type="STATIC" name="PCK.AUTOMIC_MSI.PUB.PROMPT_EXTERNAL_MAP" replacementmode="2">
<HEADER state="1">
<Title/>
<ArchiveKey1/>
<ArchiveKey2/>
<OH_SubType>STATIC</OH_SubType>
</HEADER>
<ATTR_VARA state="1">
<Type>C|Text</Type>
<lblSource>Static</lblSource>
<source>STATIC</source>
<VRName>FREI|Freely selected</VRName>
<NotFoundErr>0</NotFoundErr>
<NotFoundDef>1</NotFoundDef>
<ShareN>0</ShareN>
<ShareL>0</ShareL>
<ShareR>0</ShareR>
<MaxValue_C>1024</MaxValue_C>
<CheckMax_C>0</CheckMax_C>
<uppercase>0</uppercase>
<sortColumn>0</sortColumn>
<sortDirection>0</sortDirection>
</ATTR_VARA>
<VARA state="1">
<Variables>
<row Name="PCK.AUTOMIC_MSI.PUB.ACTION.CHECK_MSI_IS_INSTALLED/AGENT#" Value="&amp;AGENT#" Value1="" Value2="" Value3="" Value4=""/>
<row Name="PCK.AUTOMIC_MSI.PUB.ACTION.CHECK_MSI_IS_INSTALLED/LOGIN#" Value="&amp;LOGIN#" Value1="" Value2="" Value3="" Value4=""/>
<row Name="PCK.AUTOMIC_MSI.PUB.ACTION.INSTALL_MSI/AGENT#" Value="&amp;AGENT#" Value1="" Value2="" Value3="" Value4=""/>
<row Name="PCK.AUTOMIC_MSI.PUB.ACTION.INSTALL_MSI/LOGIN#" Value="&amp;LOGIN#" Value1="" Value2="" Value3="" Value4=""/>
<row Name="PCK.AUTOMIC_MSI.PUB.ACTION.UNINSTALL_MSI/AGENT#" Value="&amp;AGENT#" Value1="" Value2="" Value3="" Value4=""/>
<row Name="PCK.AUTOMIC_MSI.PUB.ACTION.UNINSTALL_MSI/LOGIN#" Value="&amp;LOGIN#" Value1="" Value2="" Value3="" Value4=""/>
</Variables>
</VARA>
<DOCU_Docu state="1" type="text">
<DOC/>
</DOCU_Docu>
</VARA>
<DOCU name="PCK.AUTOMIC_MSI.PUB.DOC">
<HEADER state="1">
<Title/>
<ArchiveKey1/>
<ArchiveKey2/>
<OH_SubType/>
</HEADER>
<DOCU_Docu state="1" type="text">
<DOC><![CDATA[These actions install/uninstall or check the state of MSI packages on Windows operation systems.

=Supported Platforms=

See http://docs.automic.com/compatibility?len=Package.MSI&comp=PCK.AUTOMIC_MSI&version=1.0.2

=Rollback=

The actions getting some system information don't need rollbacks, because they do not change the state of your system. Such a method is CHECK_MSI_IS_INSTALLED.

Actions potentially changing the state of your system (INSTALL, UNINSTALL) do not have rollbacks defined yet.
]]></DOC>
</DOCU_Docu>
</DOCU>
<DOCU name="PCK.AUTOMIC_MSI.PUB.LICENSES">
<HEADER state="1">
<Title/>
<ArchiveKey1/>
<ArchiveKey2/>
<OH_SubType/>
</HEADER>
<DOCU_Docu state="1" type="text">
<DOC/>
</DOCU_Docu>
</DOCU>
<JOBP AllowExternal="1" name="PCK.AUTOMIC_MSI.PUB.ACTION.CHECK_MSI_IS_INSTALLED">
<XHEADER state="1">
<Title>MSI Check if Installed</Title>
<ArchiveKey1/>
<ArchiveKey2/>
<Active>1</Active>
<OH_SubType/>
<CustomAttributes KeyListID="0" dataRequestID="0"/>
</XHEADER>
<SYNCREF state="1">
<Syncs/>
</SYNCREF>
<ATTR_JOBP state="1">
<Queue>CLIENT_QUEUE</Queue>
<ChildQueue>*OWN</ChildQueue>
<StartType/>
<ExtRepDef>1</ExtRepDef>
<ExtRepAll>0</ExtRepAll>
<ExtRepNone>0</ExtRepNone>
<IntAccount/>
<AutoDeactNo>0</AutoDeactNo>
<AutoDeact1ErrorFree>0</AutoDeact1ErrorFree>
<AutoDeactErrorFree>1</AutoDeactErrorFree>
<DeactWhen>ANY_OK</DeactWhen>
<AutoDeactAlways>0</AutoDeactAlways>
<DeactDelay>0</DeactDelay>
<ActAtRun>1</ActAtRun>
<UC4Priority>0</UC4Priority>
<MaxParallel2>0</MaxParallel2>
<ReuseHG>1</ReuseHG>
<MpElse1>1</MpElse1>
<MpElse2>0</MpElse2>
<TZ/>
<RWhen/>
<RExecute/>
<JPA_SubType/>
</ATTR_JOBP>
<JOBP state="1">
<JobpStruct mode="design">
<task Alias="" BranchType="0" Col="1" Lnr="1" OType="&lt;START&gt;" Object="START" ParentAlias="" ParentObject="" Row="1" Text2="">
<checkpoint RollbackFlag="0" RunPerPatch="0" RunPerTarget="0" TcpADays="0" TcpATime="00:00" TcpATimeTZ="" TcpExecute="" TcpOn="0" promptatgen="0" showprompt="0"/>
<after ActFlg="1" AtimOn="0" ErlstStDays="0" ErlstStTime="00:00" ErlstStTimeTZ="" HoldFlg="0"/>
<when ChkWhenExec="0" LtstEnd="0" LtstEndDays="0" LtstEndTime="00:00" LtstSt="0" LtstStDays="0" LtstStTime="00:00" LtstTimeTZ="" WCTypeAND="1" WCTypeOR="0" WElseA="0" WElseH="0" WElseS="1" WElseX="0" WhenExecute="" WtimOn="0"/>
<preconditions>
<PreCon>
<conditions id="CONDITIONS"/>
</PreCon>
</preconditions>
<predecessors/>
<runtime MrtCancel="0" MrtDays="0" MrtErt="0" MrtExecute="0" MrtExecuteObj="" MrtFix="0" MrtMethodDate="0" MrtMethodErt="0" MrtMethodFix="0" MrtMethodNone="1" MrtOn="1" MrtTZ="" MrtTime="00:00" SrtErt="0" SrtFix="0" SrtMethodErt="0" SrtMethodFix="0" SrtMethodNone="1"/>
<result ChkRExec="0" RElseHalt="0" RElseIgn="0" RElseJPAbend="0" RExecFlag="0" RExecute="" RRepMTimes="0" RRepOn="0" RRepWait="0" RWhen=""/>
<dynvalues>
<dyntree>
<node content="1" id="PCK.AUTOMIC_MSI.PRV.PROMPTSET.CHECK_MSI_IS_INSTALLED" name="PCK.AUTOMIC_MSI.PRV.PROMPTSET.CHECK_MSI_IS_INSTALLED" parent="PPRPTS" type="PPROMPTSET">
<PROMPTSET name="PCK.AUTOMIC_MSI.PRV.PROMPTSET.CHECK_MSI_IS_INSTALLED">
<PRPTBOX promptset="PCK.AUTOMIC_MSI.PRV.PROMPTSET.CHECK_MSI_IS_INSTALLED">
<UC4RB_MSI_AUTHORs.00 ReadFromTable="OPSE" altview="0" haslist="0" msginsert="" msgnr="" promptname="UC4RB_MSI_AUTHOR#" promptsetname="PCK.AUTOMIC_MSI.PRV.PROMPTSET.CHECK_MSI_IS_INSTALLED"/>
<UC4RB_MSI_SUBJECTs.00 ReadFromTable="OPSE" altview="0" haslist="0" msginsert="" msgnr="" promptname="UC4RB_MSI_SUBJECT#" promptsetname="PCK.AUTOMIC_MSI.PRV.PROMPTSET.CHECK_MSI_IS_INSTALLED"/>
</PRPTBOX>
</PROMPTSET>
</node>
<node content="1" id="PCK.ITPA_SHARED.PRV.PROMPTSET.OVERWRITE_AGENT" name="PCK.ITPA_SHARED.PRV.PROMPTSET.OVERWRITE_AGENT" parent="PPRPTS" type="PPROMPTSET">
<PROMPTSET name="PCK.ITPA_SHARED.PRV.PROMPTSET.OVERWRITE_AGENT">
<PRPTBOX promptset="PCK.ITPA_SHARED.PRV.PROMPTSET.OVERWRITE_AGENT">
<AGENTs.00 ReadFromTable="OPSE" altview="0" haslist="0" msginsert="" msgnr="" promptname="AGENT#" promptsetname="PCK.ITPA_SHARED.PRV.PROMPTSET.OVERWRITE_AGENT"/>
<LOGINs.00 ReadFromTable="OPSE" altview="0" haslist="0" msginsert="" msgnr="" promptname="LOGIN#" promptsetname="PCK.ITPA_SHARED.PRV.PROMPTSET.OVERWRITE_AGENT"/>
</PRPTBOX>
</PROMPTSET>
</node>
</dyntree>
</dynvalues>
<CIT/>
<calendars CCTypeAll="0" CCTypeExt="0" CCTypeNone="0" CCTypeOne="1" CaleOn="0"/>
<postconditions>
<PostCon>
<conditions id="CONDITIONS"/>
</PostCon>
</postconditions>
</task>
<task Alias="" BranchType="0" Col="2" Lnr="2" OType="JOBS" Object="PCK.AUTOMIC_MSI.PRV.JOB.CHECK_MSI_IS_INSTALLED@WINDOWS" ParentAlias="" ParentObject="" Row="1" Text2="">
<checkpoint RollbackFlag="1" RunPerPatch="0" RunPerTarget="0" TcpADays="0" TcpATime="00:00" TcpATimeTZ="" TcpExecute="" TcpOn="0" promptatgen="0" showprompt="0"/>
<after ActFlg="1" AtimOn="0" ErlstStDays="0" ErlstStTime="00:00" ErlstStTimeTZ="" HoldFlg="0"/>
<when ChkWhenExec="0" LtstEnd="0" LtstEndDays="0" LtstEndTime="00:00" LtstSt="0" LtstStDays="0" LtstStTime="00:00" LtstTimeTZ="" WCTypeAND="1" WCTypeOR="0" WElseA="1" WElseH="0" WElseS="0" WElseX="0" WhenExecute="" WtimOn="0"/>
<preconditions>
<PreCon>
<conditions id="CONDITIONS"/>
</PreCon>
</preconditions>
<predecessors>
<pre BranchType="0" Lnr="1" PreLnr="1" When="ANY_OK" type="container"/>
</predecessors>
<runtime MrtCancel="0" MrtDays="0" MrtErt="0" MrtExecute="0" MrtExecuteObj="" MrtFix="0" MrtMethodDate="0" MrtMethodErt="0" MrtMethodFix="0" MrtMethodNone="1" MrtOn="1" MrtTZ="" MrtTime="00:00" SrtErt="0" SrtFix="0" SrtMethodErt="0" SrtMethodFix="0" SrtMethodNone="1"/>
<result ChkRExec="0" RElseHalt="0" RElseIgn="0" RElseJPAbend="0" RExecFlag="0" RExecute="" RRepMTimes="0" RRepOn="0" RRepWait="0" RWhen=""/>
<dynvalues>
<dyntree>
<node content="1" id="VALUE" name="Variables" parent="" type="TASKVALUE">
<VALUE state="2">
<Values/>
<Mode>0</Mode>
</VALUE>
</node>
<node content="1" id="PVALUE" name="Parent Variables" parent="" type="TASKVALUE">
<VALUE state="2">
<Values>
<row ERTUsage="0" Mod="0" Name="&amp;UC4RB_MSI_STATUS#" Value=""/>
</Values>
<Mode>0</Mode>
</VALUE>
</node>
<node content="1" id="PRPTS" name="PromptSets" parent="" pref="1" type="PROMPTSET"/>
<node content="0" id="PPRPTS" name="Parent PromptSets" parent="" type="PPROMPTSET"/>
<node content="1" id="PCK.AUTOMIC_MSI.PRV.PROMPTSET.CHECK_MSI_IS_INSTALLED" name="PCK.AUTOMIC_MSI.PRV.PROMPTSET.CHECK_MSI_IS_INSTALLED" parent="PPRPTS" type="PPROMPTSET">
<PROMPTSET name="PCK.AUTOMIC_MSI.PRV.PROMPTSET.CHECK_MSI_IS_INSTALLED">
<PRPTBOX promptset="PCK.AUTOMIC_MSI.PRV.PROMPTSET.CHECK_MSI_IS_INSTALLED">
<UC4RB_MSI_AUTHORs.00 ReadFromTable="OPSE" altview="0" haslist="0" msginsert="" msgnr="" promptname="UC4RB_MSI_AUTHOR#" promptsetname="PCK.AUTOMIC_MSI.PRV.PROMPTSET.CHECK_MSI_IS_INSTALLED"/>
<UC4RB_MSI_SUBJECTs.00 ReadFromTable="OPSE" altview="0" haslist="0" msginsert="" msgnr="" promptname="UC4RB_MSI_SUBJECT#" promptsetname="PCK.AUTOMIC_MSI.PRV.PROMPTSET.CHECK_MSI_IS_INSTALLED"/>
</PRPTBOX>
</PROMPTSET>
</node>
<node content="1" id="PCK.ITPA_SHARED.PRV.PROMPTSET.OVERWRITE_AGENT" name="PCK.ITPA_SHARED.PRV.PROMPTSET.OVERWRITE_AGENT" parent="PPRPTS" type="PPROMPTSET">
<PROMPTSET name="PCK.ITPA_SHARED.PRV.PROMPTSET.OVERWRITE_AGENT">
<PRPTBOX promptset="PCK.ITPA_SHARED.PRV.PROMPTSET.OVERWRITE_AGENT">
<AGENTs.00 ReadFromTable="OPSE" altview="0" haslist="0" msginsert="" msgnr="" promptname="AGENT#" promptsetname="PCK.ITPA_SHARED.PRV.PROMPTSET.OVERWRITE_AGENT"/>
<LOGINs.00 ReadFromTable="OPSE" altview="0" haslist="0" msginsert="" msgnr="" promptname="LOGIN#" promptsetname="PCK.ITPA_SHARED.PRV.PROMPTSET.OVERWRITE_AGENT"/>
</PRPTBOX>
</PROMPTSET>
</node>
</dyntree>
</dynvalues>
<CIT/>
<calendars CCTypeAll="0" CCTypeExt="0" CCTypeNone="0" CCTypeOne="1" CaleOn="0"/>
<postconditions>
<PostCon>
<conditions id="CONDITIONS"/>
</PostCon>
</postconditions>
</task>
<task Alias="" BranchType="0" Col="3" Lnr="3" OType="&lt;END&gt;" Object="END" ParentAlias="" ParentObject="" Row="1" Text2="">
<checkpoint RollbackFlag="0" RunPerPatch="0" RunPerTarget="0" TcpADays="0" TcpATime="00:00" TcpATimeTZ="" TcpExecute="" TcpOn="0" promptatgen="0" showprompt="0"/>
<after ActFlg="1" AtimOn="0" ErlstStDays="0" ErlstStTime="00:00" ErlstStTimeTZ="" HoldFlg="0"/>
<when ChkWhenExec="0" LtstEnd="0" LtstEndDays="0" LtstEndTime="00:00" LtstSt="0" LtstStDays="0" LtstStTime="00:00" LtstTimeTZ="" WCTypeAND="1" WCTypeOR="0" WElseA="1" WElseH="0" WElseS="0" WElseX="0" WhenExecute="" WtimOn="0"/>
<preconditions>
<PreCon>
<conditions id="CONDITIONS"/>
</PreCon>
</preconditions>
<predecessors>
<pre BranchType="0" Lnr="1" PreLnr="2" When="ANY_OK" type="container"/>
</predecessors>
<runtime MrtCancel="0" MrtDays="0" MrtErt="0" MrtExecute="0" MrtExecuteObj="" MrtFix="0" MrtMethodDate="0" MrtMethodErt="0" MrtMethodFix="0" MrtMethodNone="1" MrtOn="1" MrtTZ="" MrtTime="00:00" SrtErt="0" SrtFix="0" SrtMethodErt="0" SrtMethodFix="0" SrtMethodNone="1"/>
<result ChkRExec="0" RElseHalt="0" RElseIgn="0" RElseJPAbend="0" RExecFlag="0" RExecute="" RRepMTimes="0" RRepOn="0" RRepWait="0" RWhen=""/>
<dynvalues>
<dyntree>
<node content="1" id="PCK.AUTOMIC_MSI.PRV.PROMPTSET.CHECK_MSI_IS_INSTALLED" name="PCK.AUTOMIC_MSI.PRV.PROMPTSET.CHECK_MSI_IS_INSTALLED" parent="PPRPTS" type="PPROMPTSET">
<PROMPTSET name="PCK.AUTOMIC_MSI.PRV.PROMPTSET.CHECK_MSI_IS_INSTALLED">
<PRPTBOX promptset="PCK.AUTOMIC_MSI.PRV.PROMPTSET.CHECK_MSI_IS_INSTALLED">
<UC4RB_MSI_AUTHORs.00 ReadFromTable="OPSE" altview="0" haslist="0" msginsert="" msgnr="" promptname="UC4RB_MSI_AUTHOR#" promptsetname="PCK.AUTOMIC_MSI.PRV.PROMPTSET.CHECK_MSI_IS_INSTALLED"/>
<UC4RB_MSI_SUBJECTs.00 ReadFromTable="OPSE" altview="0" haslist="0" msginsert="" msgnr="" promptname="UC4RB_MSI_SUBJECT#" promptsetname="PCK.AUTOMIC_MSI.PRV.PROMPTSET.CHECK_MSI_IS_INSTALLED"/>
</PRPTBOX>
</PROMPTSET>
</node>
<node content="1" id="PCK.ITPA_SHARED.PRV.PROMPTSET.OVERWRITE_AGENT" name="PCK.ITPA_SHARED.PRV.PROMPTSET.OVERWRITE_AGENT" parent="PPRPTS" type="PPROMPTSET">
<PROMPTSET name="PCK.ITPA_SHARED.PRV.PROMPTSET.OVERWRITE_AGENT">
<PRPTBOX promptset="PCK.ITPA_SHARED.PRV.PROMPTSET.OVERWRITE_AGENT">
<AGENTs.00 ReadFromTable="OPSE" altview="0" haslist="0" msginsert="" msgnr="" promptname="AGENT#" promptsetname="PCK.ITPA_SHARED.PRV.PROMPTSET.OVERWRITE_AGENT"/>
<LOGINs.00 ReadFromTable="OPSE" altview="0" haslist="0" msginsert="" msgnr="" promptname="LOGIN#" promptsetname="PCK.ITPA_SHARED.PRV.PROMPTSET.OVERWRITE_AGENT"/>
</PRPTBOX>
</PROMPTSET>
</node>
</dyntree>
</dynvalues>
<CIT/>
<calendars CCTypeAll="0" CCTypeExt="0" CCTypeNone="0" CCTypeOne="1" CaleOn="0"/>
<postconditions>
<PostCon>
<conditions id="CONDITIONS"/>
</PostCon>
</postconditions>
</task>
<OPTIONS/>
</JobpStruct>
</JOBP>
<RUNTIME state="1">
<MaxRetCode>0</MaxRetCode>
<MrcExecute/>
<MrcElseE>0</MrcElseE>
<FcstStatus>0| |</FcstStatus>
<Ert>0</Ert>
<ErtMethodDef>1</ErtMethodDef>
<ErtMethodFix>0</ErtMethodFix>
<ErtFix>0</ErtFix>
<ErtDynMethod>2|Average</ErtDynMethod>
<ErtMethodDyn>0</ErtMethodDyn>
<ErtCnt>0</ErtCnt>
<ErtCorr>0</ErtCorr>
<ErtIgn>0</ErtIgn>
<ErtIgnFlg>0</ErtIgnFlg>
<ErtMinCnt>0</ErtMinCnt>
<MrtMethodNone>1</MrtMethodNone>
<MrtMethodFix>0</MrtMethodFix>
<MrtFix>0</MrtFix>
<MrtMethodErt>0</MrtMethodErt>
<MrtErt>0</MrtErt>
<MrtMethodDate>0</MrtMethodDate>
<MrtDays>0</MrtDays>
<MrtTime>00:00</MrtTime>
<MrtTZ/>
<SrtMethodNone>1</SrtMethodNone>
<SrtMethodFix>0</SrtMethodFix>
<SrtFix>0</SrtFix>
<SrtMethodErt>0</SrtMethodErt>
<SrtErt>0</SrtErt>
<MrtCancel>0</MrtCancel>
<MrtExecute>0</MrtExecute>
<MrtExecuteObj/>
</RUNTIME>
<DYNVALUES state="1">
<dyntree>
<node content="1" id="VALUE" name="Variables" parent="" type="VALUE">
<VALUE state="1">
<Values>
<row ERTUsage="0" Name="&amp;UC4RB_MSI_STATUS#" Value=""/>
</Values>
<Mode>0</Mode>
</VALUE>
</node>
<node content="1" id="PCK.AUTOMIC_MSI.PRV.PROMPTSET.CHECK_MSI_IS_INSTALLED" name="PCK.AUTOMIC_MSI.PRV.PROMPTSET.CHECK_MSI_IS_INSTALLED" parent="PRPTS" type="PROMPTSET">
<PROMPTSET name="PCK.AUTOMIC_MSI.PRV.PROMPTSET.CHECK_MSI_IS_INSTALLED" ontop="1">
<PRPTBOX promptset="PCK.AUTOMIC_MSI.PRV.PROMPTSET.CHECK_MSI_IS_INSTALLED" prptmode="1"/>
</PROMPTSET>
</node>
<node content="1" id="PCK.ITPA_SHARED.PRV.PROMPTSET.OVERWRITE_AGENT" name="PCK.ITPA_SHARED.PRV.PROMPTSET.OVERWRITE_AGENT" parent="PRPTS" type="PROMPTSET">
<PROMPTSET name="PCK.ITPA_SHARED.PRV.PROMPTSET.OVERWRITE_AGENT" ontop="1">
<PRPTBOX promptset="PCK.ITPA_SHARED.PRV.PROMPTSET.OVERWRITE_AGENT" prptmode="1"/>
</PROMPTSET>
</node>
</dyntree>
</DYNVALUES>
<DEPLOYMENT state="1">
<DeploymentFlag>0</DeploymentFlag>
<WFTypeA>1</WFTypeA>
<WFTypeC>0</WFTypeC>
<AppName/>
<WFName/>
<ComponentName/>
</DEPLOYMENT>
<ROLLBACK state="1">
<RollbackFlag>0</RollbackFlag>
<CBackupObj/>
<CRollbackObj/>
<FBackupPath/>
<FDeleteBefore>0</FDeleteBefore>
<FInclSubDirs>0</FInclSubDirs>
</ROLLBACK>
<SCRIPT mode="1" state="1">
<MSCRI/>
</SCRIPT>
<DOCU_Docu state="1" type="text">
<DOC><![CDATA[Checks if MSI package is installed.

The action queries a specific location in Windows registry for Subject and Author from MSI package. Value of Subject and Author fields can be obtained from properties of MSI package.

=Output=
UC4RB_MSI_STATUS# Y or N depending upon if the package is installed or not.
]]></DOC>
</DOCU_Docu>
</JOBP>
<JOBS_WINDOWS AttrType="WINDOWS" name="PCK.AUTOMIC_MSI.PRV.JOB.CHECK_MSI_IS_INSTALLED@WINDOWS">
<XHEADER state="1">
<Title/>
<ArchiveKey1/>
<ArchiveKey2/>
<Active>1</Active>
<OH_SubType/>
<CustomAttributes KeyListID="0" dataRequestID="0"/>
</XHEADER>
<OUTPUTREG state="1">
<FileReg/>
</OUTPUTREG>
<SYNCREF state="1">
<Syncs/>
</SYNCREF>
<ATTR_JOBS state="1">
<Queue>CLIENT_QUEUE</Queue>
<StartType/>
<HostDst>|&lt;WIN&gt;|HOST</HostDst>
<HostATTR_Type>WINDOWS</HostATTR_Type>
<CodeName/>
<Login/>
<IntAccount/>
<ExtRepDef>1</ExtRepDef>
<ExtRepAll>0</ExtRepAll>
<ExtRepNone>0</ExtRepNone>
<AutoDeactNo>0</AutoDeactNo>
<AutoDeact1ErrorFree>0</AutoDeact1ErrorFree>
<AutoDeactErrorFree>1</AutoDeactErrorFree>
<DeactWhen>ANY_OK</DeactWhen>
<DeactDelay>0</DeactDelay>
<AutoDeactAlways>0</AutoDeactAlways>
<AttDialog>0</AttDialog>
<ActAtRun>1</ActAtRun>
<Consumption>0</Consumption>
<UC4Priority>0</UC4Priority>
<MaxParallel2>0</MaxParallel2>
<MpElse1>1</MpElse1>
<MpElse2>0</MpElse2>
<TZ/>
</ATTR_JOBS>
<ATTR_WINDOWS state="1">
<OutputDb>1</OutputDb>
<OutputDbErr>0</OutputDbErr>
<OutputFile>0</OutputFile>
<IsGenerated>0</IsGenerated>
<BAT>1</BAT>
<COM>0</COM>
<WinBatch>0</WinBatch>
<Standard>1</Standard>
<Minimized>0</Minimized>
<Maximized>0</Maximized>
<JObjDefault>0</JObjDefault>
<JObjYes>1</JObjYes>
<JObjNo>0</JObjNo>
<WorkingDirectory>c:\</WorkingDirectory>
<Command/>
<LogOn>0</LogOn>
<ShowJob>0</ShowJob>
</ATTR_WINDOWS>
<RUNTIME state="1">
<MaxRetCode>0</MaxRetCode>
<MrcExecute/>
<MrcElseE>0</MrcElseE>
<FcstStatus>0| |</FcstStatus>
<Ert>0</Ert>
<ErtMethodDef>1</ErtMethodDef>
<ErtMethodFix>0</ErtMethodFix>
<ErtFix>0</ErtFix>
<ErtDynMethod>2|Average</ErtDynMethod>
<ErtMethodDyn>0</ErtMethodDyn>
<ErtCnt>0</ErtCnt>
<ErtCorr>0</ErtCorr>
<ErtIgn>0</ErtIgn>
<ErtIgnFlg>0</ErtIgnFlg>
<ErtMinCnt>0</ErtMinCnt>
<MrtMethodNone>1</MrtMethodNone>
<MrtMethodFix>0</MrtMethodFix>
<MrtFix>0</MrtFix>
<MrtMethodErt>0</MrtMethodErt>
<MrtErt>0</MrtErt>
<MrtMethodDate>0</MrtMethodDate>
<MrtDays>0</MrtDays>
<MrtTime>00:00</MrtTime>
<MrtTZ/>
<SrtMethodNone>1</SrtMethodNone>
<SrtMethodFix>0</SrtMethodFix>
<SrtFix>0</SrtFix>
<SrtMethodErt>0</SrtMethodErt>
<SrtErt>0</SrtErt>
<MrtCancel>0</MrtCancel>
<MrtExecute>0</MrtExecute>
<MrtExecuteObj/>
</RUNTIME>
<DYNVALUES state="1">
<dyntree>
<node content="1" id="VALUE" name="Variables" parent="" type="VALUE">
<VALUE state="1">
<Values/>
<Mode>0</Mode>
</VALUE>
</node>
</dyntree>
</DYNVALUES>
<ROLLBACK state="1">
<RollbackFlag>0</RollbackFlag>
<CBackupObj/>
<CRollbackObj/>
<FBackupPath/>
<FDeleteBefore>0</FDeleteBefore>
<FInclSubDirs>0</FInclSubDirs>
</ROLLBACK>
<PRE_SCRIPT mode="1" replacementmode="1" state="1">
<PSCRI><![CDATA[:INCLUDE PCK.ITPA_SHARED.PRV.INCLUDE.PREPARE_JOB]]></PSCRI>
</PRE_SCRIPT>
<SCRIPT mode="1" state="1">
<MSCRI><![CDATA[! run book function to check if MSI installed
!
!
@echo off
%SYSTEMROOT%\system32\REG.EXE query HKLM\Software /f "&UC4RB_MSI_SUBJECT#" /e /k /s
set errorstatus=%ERRORLEVEL%
IF %errorstatus% NEQ 0 (
echo Could not find MSI subject: "&UC4RB_MSI_SUBJECT#"
echo Package is not installed
exit /b 0
) ELSE (
echo Package is installed
exit /b 0
)]]></MSCRI>
</SCRIPT>
<OUTPUTSCAN state="1">
<Inherit>N</Inherit>
<filterobjects/>
<HostFsc/>
<LoginFsc/>
</OUTPUTSCAN>
<POST_SCRIPT mode="1" replacementmode="1" state="1">
<OSCRI><![CDATA[:SET &HND# = PREP_PROCESS_REPORT("JOBS",,"REP","HKEY_LOCAL_MACHINE*")
:PSET &UC4RB_MSI_STATUS# = "N"
:PROCESS &HND#
:  SET &RET_LINE# = GET_PROCESS_LINE(&HND#)
:  P &RET_LINE#
: SET &RET# = STR_FIND(&RET_LINE#, &UC4RB_MSI_AUTHOR#)
: IF &RET# <> 0
:  P "Package details found"
:  PSET &UC4RB_MSI_STATUS# = "Y"
: ENDIF
:ENDPROCESS
:CLOSE_PROCESS &HND#]]></OSCRI>
</POST_SCRIPT>
<DOCU_Docu state="1" type="text">
<DOC/>
</DOCU_Docu>
</JOBS_WINDOWS>
<PRPT name="PCK.AUTOMIC_MSI.PRV.PROMPTSET.CHECK_MSI_IS_INSTALLED">
<HEADER state="1">
<Title/>
<ArchiveKey1/>
<ArchiveKey2/>
<OH_SubType/>
</HEADER>
<PROMPTDESIGNER state="1">
<DESIGNER/>
</PROMPTDESIGNER>
<PROMPTSETXUI state="1">
<XUIEDITOR><![CDATA[<dialog height="506" icon="PRPT" id="PRPTS" left="0" top="0" width="420"><readpanel fill="b" id="PRPTBOX" nl="1" scroll="v" text="Parameters"><properties><entry name="text">Parameters</entry><entry name="modifiable">0</entry></properties><text alt="1" enabled="1" fill="b" focus="0" id="UC4RB_MSI_AUTHORs.00" inputassistance="0" len="" nl="1" regex="" required="0" separator=";" showaspassword="0" text="Author" tooltip="Package Author from package file properties." upper="0" multiline="0" multilineIcon="0"><oninputassistant><command request="_internal" target="_view" targetaction="setAttribute" targetparam="promptname|@id"/><command request="_internal" target="_view" targetaction="setAttribute" targetparam="promptvalue|@value"/><command owner="_promptsetcontainer" owneraction="getData" request="getpromptinputassistance" target="_chainwindow"/></oninputassistant>
         
         <properties>
            <entry listparam="C" name="reference" reftype="STATIC">UC_DATATYPE_STRING</entry>
            <entry name="text">Author</entry>
            <entry name="multiselect">0</entry>
            <entry name="separator">;</entry>
            <entry name="len"/>
            <entry name="quotes"/>
            <entry name="id">UC4RB_MSI_AUTHORs.00</entry>
            <entry name="inputassistance">0</entry>
            <entry name="enabled">0</entry>
            <entry name="upper">0</entry>
            <entry name="focus">0</entry>
            <entry name="showaspassword">0</entry>
            <entry name="tooltip">Package Author from package file properties.</entry>
            <entry name="modifiable">1</entry>
            <entry name="regex"/>
            <entry name="required">0</entry>
            <entry name="initvalue"/>
         <entry name="xmlkey"/><entry name="xmlpath"/><entry name="multiline">0</entry><entry name="multilineIcon">0</entry><entry name="customfield"/><entry name="onchangereset"/><entry name="resetable">1</entry></properties>
      </text><text alt="1" enabled="1" fill="b" focus="0" id="UC4RB_MSI_SUBJECTs.00" inputassistance="0" len="" nl="1" regex="" required="0" separator=";" showaspassword="0" text="Subject" tooltip="Package Subject from package file properties." upper="0" multiline="0" multilineIcon="0"><oninputassistant><command request="_internal" target="_view" targetaction="setAttribute" targetparam="promptname|@id"/><command request="_internal" target="_view" targetaction="setAttribute" targetparam="promptvalue|@value"/><command owner="_promptsetcontainer" owneraction="getData" request="getpromptinputassistance" target="_chainwindow"/></oninputassistant>
         
         <properties>
            <entry listparam="C" name="reference" reftype="STATIC">UC_DATATYPE_STRING</entry>
            <entry name="text">Subject</entry>
            <entry name="multiselect">0</entry>
            <entry name="separator">;</entry>
            <entry name="len"/>
            <entry name="quotes"/>
            <entry name="id">UC4RB_MSI_SUBJECTs.00</entry>
            <entry name="inputassistance">0</entry>
            <entry name="enabled">0</entry>
            <entry name="upper">0</entry>
            <entry name="focus">0</entry>
            <entry name="showaspassword">0</entry>
            <entry name="tooltip">Package Subject from package file properties.</entry>
            <entry name="modifiable">1</entry>
            <entry name="regex"/>
            <entry name="required">0</entry>
            <entry name="initvalue"/>
         <entry name="xmlkey"/><entry name="xmlpath"/><entry name="multiline">0</entry><entry name="multilineIcon">0</entry><entry name="customfield"/><entry name="onchangereset"/><entry name="resetable">1</entry></properties>
      </text></readpanel></dialog>]]></XUIEDITOR>
</PROMPTSETXUI>
<PROMPTSETDATA state="1">
<DATAEDITOR><![CDATA[<PRPTS ontop="1"><PRPTBOX><UC4RB_MSI_AUTHORs.00 haslist="0" msgnr="-1" msginsert="" altview="0" promptname="UC4RB_MSI_AUTHOR#" ReadFromTable="OPSE"></UC4RB_MSI_AUTHORs.00><UC4RB_MSI_SUBJECTs.00 haslist="0" msgnr="-1" msginsert="" altview="0" promptname="UC4RB_MSI_SUBJECT#" ReadFromTable="OPSE"></UC4RB_MSI_SUBJECTs.00></PRPTBOX></PRPTS>]]></DATAEDITOR>
</PROMPTSETDATA>
<DOCU_Docu state="1" type="text">
<DOC/>
</DOCU_Docu>
</PRPT>
<JOBP AllowExternal="1" name="PCK.AUTOMIC_MSI.PUB.ACTION.INSTALL_MSI">
<XHEADER state="1">
<Title>MSI Install</Title>
<ArchiveKey1/>
<ArchiveKey2/>
<Active>1</Active>
<OH_SubType/>
<CustomAttributes KeyListID="0" dataRequestID="0"/>
</XHEADER>
<SYNCREF state="1">
<Syncs/>
</SYNCREF>
<ATTR_JOBP state="1">
<Queue>CLIENT_QUEUE</Queue>
<ChildQueue>*OWN</ChildQueue>
<StartType/>
<ExtRepDef>1</ExtRepDef>
<ExtRepAll>0</ExtRepAll>
<ExtRepNone>0</ExtRepNone>
<IntAccount/>
<AutoDeactNo>0</AutoDeactNo>
<AutoDeact1ErrorFree>0</AutoDeact1ErrorFree>
<AutoDeactErrorFree>1</AutoDeactErrorFree>
<DeactWhen>ANY_OK</DeactWhen>
<AutoDeactAlways>0</AutoDeactAlways>
<DeactDelay>0</DeactDelay>
<ActAtRun>1</ActAtRun>
<UC4Priority>0</UC4Priority>
<MaxParallel2>0</MaxParallel2>
<ReuseHG>1</ReuseHG>
<MpElse1>1</MpElse1>
<MpElse2>0</MpElse2>
<TZ/>
<RWhen/>
<RExecute/>
<JPA_SubType/>
</ATTR_JOBP>
<JOBP state="1">
<JobpStruct mode="design">
<task Alias="" BranchType="0" Col="1" Lnr="1" OType="&lt;START&gt;" Object="START" ParentAlias="" ParentObject="" Row="1" Text2="">
<checkpoint RollbackFlag="0" RunPerPatch="0" RunPerTarget="0" TcpADays="0" TcpATime="00:00" TcpATimeTZ="" TcpExecute="" TcpOn="0" promptatgen="0" showprompt="0"/>
<after ActFlg="1" AtimOn="0" ErlstStDays="0" ErlstStTime="00:00" ErlstStTimeTZ="" HoldFlg="0"/>
<when ChkWhenExec="0" LtstEnd="0" LtstEndDays="0" LtstEndTime="00:00" LtstSt="0" LtstStDays="0" LtstStTime="00:00" LtstTimeTZ="" WCTypeAND="1" WCTypeOR="0" WElseA="0" WElseH="0" WElseS="1" WElseX="0" WhenExecute="" WtimOn="0"/>
<preconditions>
<PreCon>
<conditions id="CONDITIONS"/>
</PreCon>
</preconditions>
<predecessors/>
<runtime MrtCancel="0" MrtDays="0" MrtErt="0" MrtExecute="0" MrtExecuteObj="" MrtFix="0" MrtMethodDate="0" MrtMethodErt="0" MrtMethodFix="0" MrtMethodNone="1" MrtOn="1" MrtTZ="" MrtTime="00:00" SrtErt="0" SrtFix="0" SrtMethodErt="0" SrtMethodFix="0" SrtMethodNone="1"/>
<result ChkRExec="0" RElseHalt="0" RElseIgn="0" RElseJPAbend="0" RExecFlag="0" RExecute="" RRepMTimes="0" RRepOn="0" RRepWait="0" RWhen=""/>
<dynvalues>
<dyntree>
<node content="1" id="PCK.AUTOMIC_MSI.PRV.PROMPTSET.INSTALL_MSI" name="PCK.AUTOMIC_MSI.PRV.PROMPTSET.INSTALL_MSI" parent="PPRPTS" type="PPROMPTSET">
<PROMPTSET name="PCK.AUTOMIC_MSI.PRV.PROMPTSET.INSTALL_MSI">
<PRPTBOX promptset="PCK.AUTOMIC_MSI.PRV.PROMPTSET.INSTALL_MSI">
<UC4RB_ADMIN_INSTALLs.00 ReadFromTable="OPSE" altview="0" haslist="0" msginsert="" msgnr="" promptname="UC4RB_ADMIN_INSTALL#" promptsetname="PCK.AUTOMIC_MSI.PRV.PROMPTSET.INSTALL_MSI">YES</UC4RB_ADMIN_INSTALLs.00>
<UC4RB_FORCE_RESTARTs.00 ReadFromTable="OPSE" altview="0" haslist="0" msginsert="" msgnr="" promptname="UC4RB_FORCE_RESTART#" promptsetname="PCK.AUTOMIC_MSI.PRV.PROMPTSET.INSTALL_MSI">NO</UC4RB_FORCE_RESTARTs.00>
<UC4RB_PACKAGE_NAMEs.00 ReadFromTable="OPSE" altview="0" haslist="0" msginsert="" msgnr="" promptname="UC4RB_PACKAGE_NAME#" promptsetname="PCK.AUTOMIC_MSI.PRV.PROMPTSET.INSTALL_MSI"/>
<UC4RB_PACKAGE_PATHs.00 ReadFromTable="OPSE" altview="0" haslist="0" msginsert="" msgnr="" promptname="UC4RB_PACKAGE_PATH#" promptsetname="PCK.AUTOMIC_MSI.PRV.PROMPTSET.INSTALL_MSI"/>
</PRPTBOX>
</PROMPTSET>
</node>
<node content="1" id="PCK.ITPA_SHARED.PRV.PROMPTSET.OVERWRITE_AGENT" name="PCK.ITPA_SHARED.PRV.PROMPTSET.OVERWRITE_AGENT" parent="PPRPTS" type="PPROMPTSET">
<PROMPTSET name="PCK.ITPA_SHARED.PRV.PROMPTSET.OVERWRITE_AGENT">
<PRPTBOX promptset="PCK.ITPA_SHARED.PRV.PROMPTSET.OVERWRITE_AGENT">
<AGENTs.00 ReadFromTable="OPSE" altview="0" haslist="0" msginsert="" msgnr="" promptname="AGENT#" promptsetname="PCK.ITPA_SHARED.PRV.PROMPTSET.OVERWRITE_AGENT"/>
<LOGINs.00 ReadFromTable="OPSE" altview="0" haslist="0" msginsert="" msgnr="" promptname="LOGIN#" promptsetname="PCK.ITPA_SHARED.PRV.PROMPTSET.OVERWRITE_AGENT"/>
</PRPTBOX>
</PROMPTSET>
</node>
</dyntree>
</dynvalues>
<CIT/>
<calendars CCTypeAll="0" CCTypeExt="0" CCTypeNone="0" CCTypeOne="1" CaleOn="0"/>
<postconditions>
<PostCon>
<conditions id="CONDITIONS"/>
</PostCon>
</postconditions>
</task>
<task Alias="" BranchType="0" Col="2" Lnr="2" OType="JOBS" Object="PCK.AUTOMIC_MSI.PRV.JOB.INSTALL_MSI@WINDOWS" ParentAlias="" ParentObject="" Row="1" Text2="">
<checkpoint RollbackFlag="1" RunPerPatch="0" RunPerTarget="0" TcpADays="0" TcpATime="00:00" TcpATimeTZ="" TcpExecute="" TcpOn="0" promptatgen="0" showprompt="0"/>
<after ActFlg="1" AtimOn="0" ErlstStDays="0" ErlstStTime="00:00" ErlstStTimeTZ="" HoldFlg="0"/>
<when ChkWhenExec="0" LtstEnd="0" LtstEndDays="0" LtstEndTime="00:00" LtstSt="0" LtstStDays="0" LtstStTime="00:00" LtstTimeTZ="" WCTypeAND="1" WCTypeOR="0" WElseA="1" WElseH="0" WElseS="0" WElseX="0" WhenExecute="" WtimOn="0"/>
<preconditions>
<PreCon>
<conditions id="CONDITIONS"/>
</PreCon>
</preconditions>
<predecessors>
<pre BranchType="0" Lnr="1" PreLnr="1" When="ANY_OK" type="container"/>
</predecessors>
<runtime MrtCancel="0" MrtDays="0" MrtErt="0" MrtExecute="0" MrtExecuteObj="" MrtFix="0" MrtMethodDate="0" MrtMethodErt="0" MrtMethodFix="0" MrtMethodNone="1" MrtOn="1" MrtTZ="" MrtTime="00:00" SrtErt="0" SrtFix="0" SrtMethodErt="0" SrtMethodFix="0" SrtMethodNone="1"/>
<result ChkRExec="0" RElseHalt="0" RElseIgn="0" RElseJPAbend="0" RExecFlag="0" RExecute="" RRepMTimes="0" RRepOn="0" RRepWait="0" RWhen=""/>
<dynvalues>
<dyntree>
<node content="1" id="VALUE" name="Variables" parent="" type="TASKVALUE">
<VALUE state="2">
<Values/>
<Mode>0</Mode>
</VALUE>
</node>
<node content="1" id="PVALUE" name="Parent Variables" parent="" type="TASKVALUE">
<VALUE state="2">
<Values/>
<Mode>0</Mode>
</VALUE>
</node>
<node content="1" id="PRPTS" name="PromptSets" parent="" pref="1" type="PROMPTSET"/>
<node content="0" id="PPRPTS" name="Parent PromptSets" parent="" type="PPROMPTSET"/>
<node content="1" id="PCK.AUTOMIC_MSI.PRV.PROMPTSET.INSTALL_MSI" name="PCK.AUTOMIC_MSI.PRV.PROMPTSET.INSTALL_MSI" parent="PPRPTS" type="PPROMPTSET">
<PROMPTSET name="PCK.AUTOMIC_MSI.PRV.PROMPTSET.INSTALL_MSI">
<PRPTBOX promptset="PCK.AUTOMIC_MSI.PRV.PROMPTSET.INSTALL_MSI">
<UC4RB_ADMIN_INSTALLs.00 ReadFromTable="OPSE" altview="0" haslist="0" msginsert="" msgnr="" promptname="UC4RB_ADMIN_INSTALL#" promptsetname="PCK.AUTOMIC_MSI.PRV.PROMPTSET.INSTALL_MSI">YES</UC4RB_ADMIN_INSTALLs.00>
<UC4RB_FORCE_RESTARTs.00 ReadFromTable="OPSE" altview="0" haslist="0" msginsert="" msgnr="" promptname="UC4RB_FORCE_RESTART#" promptsetname="PCK.AUTOMIC_MSI.PRV.PROMPTSET.INSTALL_MSI">NO</UC4RB_FORCE_RESTARTs.00>
<UC4RB_PACKAGE_NAMEs.00 ReadFromTable="OPSE" altview="0" haslist="0" msginsert="" msgnr="" promptname="UC4RB_PACKAGE_NAME#" promptsetname="PCK.AUTOMIC_MSI.PRV.PROMPTSET.INSTALL_MSI"/>
<UC4RB_PACKAGE_PATHs.00 ReadFromTable="OPSE" altview="0" haslist="0" msginsert="" msgnr="" promptname="UC4RB_PACKAGE_PATH#" promptsetname="PCK.AUTOMIC_MSI.PRV.PROMPTSET.INSTALL_MSI"/>
</PRPTBOX>
</PROMPTSET>
</node>
<node content="1" id="PCK.ITPA_SHARED.PRV.PROMPTSET.OVERWRITE_AGENT" name="PCK.ITPA_SHARED.PRV.PROMPTSET.OVERWRITE_AGENT" parent="PPRPTS" type="PPROMPTSET">
<PROMPTSET name="PCK.ITPA_SHARED.PRV.PROMPTSET.OVERWRITE_AGENT">
<PRPTBOX promptset="PCK.ITPA_SHARED.PRV.PROMPTSET.OVERWRITE_AGENT">
<AGENTs.00 ReadFromTable="OPSE" altview="0" haslist="0" msginsert="" msgnr="" promptname="AGENT#" promptsetname="PCK.ITPA_SHARED.PRV.PROMPTSET.OVERWRITE_AGENT"/>
<LOGINs.00 ReadFromTable="OPSE" altview="0" haslist="0" msginsert="" msgnr="" promptname="LOGIN#" promptsetname="PCK.ITPA_SHARED.PRV.PROMPTSET.OVERWRITE_AGENT"/>
</PRPTBOX>
</PROMPTSET>
</node>
</dyntree>
</dynvalues>
<CIT/>
<calendars CCTypeAll="0" CCTypeExt="0" CCTypeNone="0" CCTypeOne="1" CaleOn="0"/>
<postconditions>
<PostCon>
<conditions id="CONDITIONS"/>
</PostCon>
</postconditions>
</task>
<task Alias="" BranchType="0" Col="3" Lnr="3" OType="&lt;END&gt;" Object="END" ParentAlias="" ParentObject="" Row="1" Text2="">
<checkpoint RollbackFlag="0" RunPerPatch="0" RunPerTarget="0" TcpADays="0" TcpATime="00:00" TcpATimeTZ="" TcpExecute="" TcpOn="0" promptatgen="0" showprompt="0"/>
<after ActFlg="1" AtimOn="0" ErlstStDays="0" ErlstStTime="00:00" ErlstStTimeTZ="" HoldFlg="0"/>
<when ChkWhenExec="0" LtstEnd="0" LtstEndDays="0" LtstEndTime="00:00" LtstSt="0" LtstStDays="0" LtstStTime="00:00" LtstTimeTZ="" WCTypeAND="1" WCTypeOR="0" WElseA="1" WElseH="0" WElseS="0" WElseX="0" WhenExecute="" WtimOn="0"/>
<preconditions>
<PreCon>
<conditions id="CONDITIONS"/>
</PreCon>
</preconditions>
<predecessors>
<pre BranchType="0" Lnr="1" PreLnr="2" When="ANY_OK" type="container"/>
</predecessors>
<runtime MrtCancel="0" MrtDays="0" MrtErt="0" MrtExecute="0" MrtExecuteObj="" MrtFix="0" MrtMethodDate="0" MrtMethodErt="0" MrtMethodFix="0" MrtMethodNone="1" MrtOn="1" MrtTZ="" MrtTime="00:00" SrtErt="0" SrtFix="0" SrtMethodErt="0" SrtMethodFix="0" SrtMethodNone="1"/>
<result ChkRExec="0" RElseHalt="0" RElseIgn="0" RElseJPAbend="0" RExecFlag="0" RExecute="" RRepMTimes="0" RRepOn="0" RRepWait="0" RWhen=""/>
<dynvalues>
<dyntree>
<node content="1" id="PCK.AUTOMIC_MSI.PRV.PROMPTSET.INSTALL_MSI" name="PCK.AUTOMIC_MSI.PRV.PROMPTSET.INSTALL_MSI" parent="PPRPTS" type="PPROMPTSET">
<PROMPTSET name="PCK.AUTOMIC_MSI.PRV.PROMPTSET.INSTALL_MSI">
<PRPTBOX promptset="PCK.AUTOMIC_MSI.PRV.PROMPTSET.INSTALL_MSI">
<UC4RB_ADMIN_INSTALLs.00 ReadFromTable="OPSE" altview="0" haslist="0" msginsert="" msgnr="" promptname="UC4RB_ADMIN_INSTALL#" promptsetname="PCK.AUTOMIC_MSI.PRV.PROMPTSET.INSTALL_MSI">YES</UC4RB_ADMIN_INSTALLs.00>
<UC4RB_FORCE_RESTARTs.00 ReadFromTable="OPSE" altview="0" haslist="0" msginsert="" msgnr="" promptname="UC4RB_FORCE_RESTART#" promptsetname="PCK.AUTOMIC_MSI.PRV.PROMPTSET.INSTALL_MSI">NO</UC4RB_FORCE_RESTARTs.00>
<UC4RB_PACKAGE_NAMEs.00 ReadFromTable="OPSE" altview="0" haslist="0" msginsert="" msgnr="" promptname="UC4RB_PACKAGE_NAME#" promptsetname="PCK.AUTOMIC_MSI.PRV.PROMPTSET.INSTALL_MSI"/>
<UC4RB_PACKAGE_PATHs.00 ReadFromTable="OPSE" altview="0" haslist="0" msginsert="" msgnr="" promptname="UC4RB_PACKAGE_PATH#" promptsetname="PCK.AUTOMIC_MSI.PRV.PROMPTSET.INSTALL_MSI"/>
</PRPTBOX>
</PROMPTSET>
</node>
<node content="1" id="PCK.ITPA_SHARED.PRV.PROMPTSET.OVERWRITE_AGENT" name="PCK.ITPA_SHARED.PRV.PROMPTSET.OVERWRITE_AGENT" parent="PPRPTS" type="PPROMPTSET">
<PROMPTSET name="PCK.ITPA_SHARED.PRV.PROMPTSET.OVERWRITE_AGENT">
<PRPTBOX promptset="PCK.ITPA_SHARED.PRV.PROMPTSET.OVERWRITE_AGENT">
<AGENTs.00 ReadFromTable="OPSE" altview="0" haslist="0" msginsert="" msgnr="" promptname="AGENT#" promptsetname="PCK.ITPA_SHARED.PRV.PROMPTSET.OVERWRITE_AGENT"/>
<LOGINs.00 ReadFromTable="OPSE" altview="0" haslist="0" msginsert="" msgnr="" promptname="LOGIN#" promptsetname="PCK.ITPA_SHARED.PRV.PROMPTSET.OVERWRITE_AGENT"/>
</PRPTBOX>
</PROMPTSET>
</node>
</dyntree>
</dynvalues>
<CIT/>
<calendars CCTypeAll="0" CCTypeExt="0" CCTypeNone="0" CCTypeOne="1" CaleOn="0"/>
<postconditions>
<PostCon>
<conditions id="CONDITIONS"/>
</PostCon>
</postconditions>
</task>
<OPTIONS/>
</JobpStruct>
</JOBP>
<RUNTIME state="1">
<MaxRetCode>0</MaxRetCode>
<MrcExecute/>
<MrcElseE>0</MrcElseE>
<FcstStatus>0| |</FcstStatus>
<Ert>0</Ert>
<ErtMethodDef>1</ErtMethodDef>
<ErtMethodFix>0</ErtMethodFix>
<ErtFix>0</ErtFix>
<ErtDynMethod>2|Average</ErtDynMethod>
<ErtMethodDyn>0</ErtMethodDyn>
<ErtCnt>0</ErtCnt>
<ErtCorr>0</ErtCorr>
<ErtIgn>0</ErtIgn>
<ErtIgnFlg>0</ErtIgnFlg>
<ErtMinCnt>0</ErtMinCnt>
<MrtMethodNone>1</MrtMethodNone>
<MrtMethodFix>0</MrtMethodFix>
<MrtFix>0</MrtFix>
<MrtMethodErt>0</MrtMethodErt>
<MrtErt>0</MrtErt>
<MrtMethodDate>0</MrtMethodDate>
<MrtDays>0</MrtDays>
<MrtTime>00:00</MrtTime>
<MrtTZ/>
<SrtMethodNone>1</SrtMethodNone>
<SrtMethodFix>0</SrtMethodFix>
<SrtFix>0</SrtFix>
<SrtMethodErt>0</SrtMethodErt>
<SrtErt>0</SrtErt>
<MrtCancel>0</MrtCancel>
<MrtExecute>0</MrtExecute>
<MrtExecuteObj/>
</RUNTIME>
<DYNVALUES state="1">
<dyntree>
<node content="1" id="VALUE" name="Variables" parent="" type="VALUE">
<VALUE state="1">
<Values/>
<Mode>0</Mode>
</VALUE>
</node>
<node content="1" id="PCK.AUTOMIC_MSI.PRV.PROMPTSET.INSTALL_MSI" name="PCK.AUTOMIC_MSI.PRV.PROMPTSET.INSTALL_MSI" parent="PRPTS" type="PROMPTSET">
<PROMPTSET name="PCK.AUTOMIC_MSI.PRV.PROMPTSET.INSTALL_MSI" ontop="1">
<PRPTBOX promptset="PCK.AUTOMIC_MSI.PRV.PROMPTSET.INSTALL_MSI" prptmode="1"/>
</PROMPTSET>
</node>
<node content="1" id="PCK.ITPA_SHARED.PRV.PROMPTSET.OVERWRITE_AGENT" name="PCK.ITPA_SHARED.PRV.PROMPTSET.OVERWRITE_AGENT" parent="PRPTS" type="PROMPTSET">
<PROMPTSET name="PCK.ITPA_SHARED.PRV.PROMPTSET.OVERWRITE_AGENT" ontop="1">
<PRPTBOX promptset="PCK.ITPA_SHARED.PRV.PROMPTSET.OVERWRITE_AGENT" prptmode="1"/>
</PROMPTSET>
</node>
</dyntree>
</DYNVALUES>
<DEPLOYMENT state="1">
<DeploymentFlag>0</DeploymentFlag>
<WFTypeA>1</WFTypeA>
<WFTypeC>0</WFTypeC>
<AppName/>
<WFName/>
<ComponentName/>
</DEPLOYMENT>
<ROLLBACK state="1">
<RollbackFlag>0</RollbackFlag>
<CBackupObj/>
<CRollbackObj/>
<FBackupPath/>
<FDeleteBefore>0</FDeleteBefore>
<FInclSubDirs>0</FInclSubDirs>
</ROLLBACK>
<SCRIPT mode="1" state="1">
<MSCRI/>
</SCRIPT>
<DOCU_Docu state="1" type="text">
<DOC><![CDATA[Installs an MSI package.

Calls msiexec utility to install an MSI package. Before the installation MSI package file must be copied to target host. Target host can be optionally restarted after package installation.

]]></DOC>
</DOCU_Docu>
</JOBP>
<JOBS_WINDOWS AttrType="WINDOWS" name="PCK.AUTOMIC_MSI.PRV.JOB.INSTALL_MSI@WINDOWS">
<XHEADER state="1">
<Title/>
<ArchiveKey1/>
<ArchiveKey2/>
<Active>1</Active>
<OH_SubType/>
<CustomAttributes KeyListID="0" dataRequestID="0"/>
</XHEADER>
<OUTPUTREG state="1">
<FileReg/>
</OUTPUTREG>
<SYNCREF state="1">
<Syncs/>
</SYNCREF>
<ATTR_JOBS state="1">
<Queue>CLIENT_QUEUE</Queue>
<StartType/>
<HostDst>|&lt;WIN&gt;|HOST</HostDst>
<HostATTR_Type>WINDOWS</HostATTR_Type>
<CodeName/>
<Login/>
<IntAccount/>
<ExtRepDef>1</ExtRepDef>
<ExtRepAll>0</ExtRepAll>
<ExtRepNone>0</ExtRepNone>
<AutoDeactNo>0</AutoDeactNo>
<AutoDeact1ErrorFree>0</AutoDeact1ErrorFree>
<AutoDeactErrorFree>1</AutoDeactErrorFree>
<DeactWhen>ANY_OK</DeactWhen>
<DeactDelay>0</DeactDelay>
<AutoDeactAlways>0</AutoDeactAlways>
<AttDialog>0</AttDialog>
<ActAtRun>1</ActAtRun>
<Consumption>0</Consumption>
<UC4Priority>0</UC4Priority>
<MaxParallel2>0</MaxParallel2>
<MpElse1>1</MpElse1>
<MpElse2>0</MpElse2>
<TZ/>
</ATTR_JOBS>
<ATTR_WINDOWS state="1">
<OutputDb>1</OutputDb>
<OutputDbErr>0</OutputDbErr>
<OutputFile>0</OutputFile>
<IsGenerated>0</IsGenerated>
<BAT>1</BAT>
<COM>0</COM>
<WinBatch>0</WinBatch>
<Standard>1</Standard>
<Minimized>0</Minimized>
<Maximized>0</Maximized>
<JObjDefault>0</JObjDefault>
<JObjYes>1</JObjYes>
<JObjNo>0</JObjNo>
<WorkingDirectory>c:\</WorkingDirectory>
<Command/>
<LogOn>0</LogOn>
<ShowJob>0</ShowJob>
</ATTR_WINDOWS>
<RUNTIME state="1">
<MaxRetCode>0</MaxRetCode>
<MrcExecute/>
<MrcElseE>0</MrcElseE>
<FcstStatus>0| |</FcstStatus>
<Ert>0</Ert>
<ErtMethodDef>1</ErtMethodDef>
<ErtMethodFix>0</ErtMethodFix>
<ErtFix>0</ErtFix>
<ErtDynMethod>2|Average</ErtDynMethod>
<ErtMethodDyn>0</ErtMethodDyn>
<ErtCnt>0</ErtCnt>
<ErtCorr>0</ErtCorr>
<ErtIgn>0</ErtIgn>
<ErtIgnFlg>0</ErtIgnFlg>
<ErtMinCnt>0</ErtMinCnt>
<MrtMethodNone>1</MrtMethodNone>
<MrtMethodFix>0</MrtMethodFix>
<MrtFix>0</MrtFix>
<MrtMethodErt>0</MrtMethodErt>
<MrtErt>0</MrtErt>
<MrtMethodDate>0</MrtMethodDate>
<MrtDays>0</MrtDays>
<MrtTime>00:00</MrtTime>
<MrtTZ/>
<SrtMethodNone>1</SrtMethodNone>
<SrtMethodFix>0</SrtMethodFix>
<SrtFix>0</SrtFix>
<SrtMethodErt>0</SrtMethodErt>
<SrtErt>0</SrtErt>
<MrtCancel>0</MrtCancel>
<MrtExecute>0</MrtExecute>
<MrtExecuteObj/>
</RUNTIME>
<DYNVALUES state="1">
<dyntree>
<node content="1" id="VALUE" name="Variables" parent="" type="VALUE">
<VALUE state="1">
<Values/>
<Mode>0</Mode>
</VALUE>
</node>
</dyntree>
</DYNVALUES>
<ROLLBACK state="1">
<RollbackFlag>0</RollbackFlag>
<CBackupObj/>
<CRollbackObj/>
<FBackupPath/>
<FDeleteBefore>0</FDeleteBefore>
<FInclSubDirs>0</FInclSubDirs>
</ROLLBACK>
<PRE_SCRIPT mode="1" replacementmode="1" state="1">
<PSCRI><![CDATA[:INCLUDE PCK.ITPA_SHARED.PRV.INCLUDE.PREPARE_JOB]]></PSCRI>
</PRE_SCRIPT>
<SCRIPT mode="1" state="1">
<MSCRI><![CDATA[@echo off
:SET &RESTART# = "/norestart"
:SET &UC4RB_FORCE_RESTART# = STR_UC(&UC4RB_FORCE_RESTART#)
:IF &UC4RB_FORCE_RESTART# = "YES"
:  SET &RESTART# = "/forcerestart"
:ENDIF

:SET &INSTALL_OPT# = "/i"
:SET &UC4RB_ADMIN_INSTALL# = STR_UC(&UC4RB_ADMIN_INSTALL#)
:IF &UC4RB_ADMIN_INSTALL# = "YES"
:  SET &INSTALL_OPT# = "/a"
:ENDIF

:SET &PACKAGE_NAME_AND_PATH# = "&UC4RB_PACKAGE_PATH#\&UC4RB_PACKAGE_NAME#"
:INCLUDE PCK.ITPA_SHARED.PRV.INCLUDE.CHANGE_DIRECTORY_TO_AGENT_BIN

:SET &UC4RB_CONVERTED_STRING# = &PACKAGE_NAME_AND_PATH#
:INCLUDE PCK.ITPA_SHARED.PRV.INCLUDE.CONVERT_SLASHES_WINDOWS_STYLE
:SET &PACKAGE_NAME_AND_PATH# = &UC4RB_CONVERTED_STRING#

if EXIST "&PACKAGE_NAME_AND_PATH#" (
echo Package file exists, continue
) ELSE (
echo Package files does not exist
exit /b 1
)

start /wait %SYSTEMROOT%\system32\msiexec.exe &INSTALL_OPT# "&PACKAGE_NAME_AND_PATH#" /qn &RESTART# /l msi_installation_log-&$RUNID#.log

set returncode=%errorlevel%
if %returncode% EQU 0 (
echo MSI Installation started
) else (
echo MSI Installation failed to start
exit /b %returncode%
)

type msi_installation_log-&$RUNID#.log
del msi_installation_log-&$RUNID#.log
exit /b 0

:INCLUDE PCK.ITPA_SHARED.PRV.INCLUDE.CHECK_CMDLINE_CMD@WINDOWS]]></MSCRI>
</SCRIPT>
<OUTPUTSCAN state="1">
<Inherit>N</Inherit>
<filterobjects/>
<HostFsc/>
<LoginFsc/>
</OUTPUTSCAN>
<POST_SCRIPT mode="1" replacementmode="1" state="1">
<OSCRI><![CDATA[:SET &INSTALLING_SUCCESS# = 'NO'

:SET &HND# = PREP_PROCESS_REPORT("JOBS",,"REP","MSI*completed successfully.*")
:PROCESS &HND#
:  P "Installation completed successfully."
:  SET &INSTALLING_SUCCESS# = 'YES'
:ENDPROCESS
:CLOSE_PROCESS &HND#

:IF &INSTALLING_SUCCESS# = 'NO'
:  P "Installation failed."
!  IF current status is END_OK we should correct it
:  SET &RET# = GET_UC_OBJECT_STATUS(,,"RETCODE")
:  IF &RET# = 0
:    MODIFY_STATE STATUS_TEXT="Installation failed."
:    MODIFY_STATE RETCODE=1
:  ENDIF
:ENDIF]]></OSCRI>
</POST_SCRIPT>
<DOCU_Docu state="1" type="text">
<DOC/>
</DOCU_Docu>
</JOBS_WINDOWS>
<PRPT name="PCK.AUTOMIC_MSI.PRV.PROMPTSET.INSTALL_MSI">
<HEADER state="1">
<Title/>
<ArchiveKey1/>
<ArchiveKey2/>
<OH_SubType/>
</HEADER>
<PROMPTDESIGNER state="1">
<DESIGNER/>
</PROMPTDESIGNER>
<PROMPTSETXUI state="1">
<XUIEDITOR><![CDATA[<dialog height="506" icon="PRPT" id="PRPTS" left="0" top="0" width="420"><readpanel fill="b" id="PRPTBOX" nl="1" scroll="v" text="Parameters"><properties><entry name="text">Parameters</entry><entry name="modifiable">0</entry></properties><text alt="1" enabled="1" fill="b" focus="0" id="UC4RB_PACKAGE_NAMEs.00" inputassistance="0" len="" nl="1" regex="" required="0" separator=";" showaspassword="0" text="Package name" tooltip="Package name e.g: myPackage.msi" upper="0" multiline="0" multilineIcon="0"><oninputassistant><command request="_internal" target="_view" targetaction="setAttribute" targetparam="promptname|@id"/><command request="_internal" target="_view" targetaction="setAttribute" targetparam="promptvalue|@value"/><command owner="_promptsetcontainer" owneraction="getData" request="getpromptinputassistance" target="_chainwindow"/></oninputassistant>
         
         <properties>
            <entry listparam="C" name="reference" reftype="STATIC">UC_DATATYPE_STRING</entry>
            <entry name="text">Package name</entry>
            <entry name="multiselect">0</entry>
            <entry name="separator">;</entry>
            <entry name="len"/>
            <entry name="quotes"/>
            <entry name="id">UC4RB_PACKAGE_NAMEs.00</entry>
            <entry name="inputassistance">0</entry>
            <entry name="enabled">0</entry>
            <entry name="upper">0</entry>
            <entry name="focus">0</entry>
            <entry name="showaspassword">0</entry>
            <entry name="tooltip">Package name e.g: myPackage.msi</entry>
            <entry name="modifiable">1</entry>
            <entry name="regex"/>
            <entry name="required">0</entry>
            <entry name="initvalue"/>
         <entry name="xmlkey"/><entry name="xmlpath"/><entry name="multiline">0</entry><entry name="multilineIcon">0</entry><entry name="customfield"/><entry name="onchangereset"/><entry name="resetable">1</entry></properties>
      </text><text alt="1" enabled="1" fill="b" focus="0" id="UC4RB_PACKAGE_PATHs.00" inputassistance="0" len="" nl="1" regex="" required="0" separator=";" showaspassword="0" text="Package path" tooltip="Path to the directory where the msi file is located without the Package name. E.g: c:\downloads\" upper="0" multiline="0" multilineIcon="0"><oninputassistant><command request="_internal" target="_view" targetaction="setAttribute" targetparam="promptname|@id"/><command request="_internal" target="_view" targetaction="setAttribute" targetparam="promptvalue|@value"/><command owner="_promptsetcontainer" owneraction="getData" request="getpromptinputassistance" target="_chainwindow"/></oninputassistant>
         
         <properties>
            <entry listparam="C" name="reference" reftype="STATIC">UC_DATATYPE_STRING</entry>
            <entry name="text">Package path</entry>
            <entry name="multiselect">0</entry>
            <entry name="separator">;</entry>
            <entry name="len"/>
            <entry name="quotes"/>
            <entry name="id">UC4RB_PACKAGE_PATHs.00</entry>
            <entry name="inputassistance">0</entry>
            <entry name="enabled">0</entry>
            <entry name="upper">0</entry>
            <entry name="focus">0</entry>
            <entry name="showaspassword">0</entry>
            <entry name="tooltip">Path to the directory where the msi file is located without the Package name. E.g: c:\downloads\</entry>
            <entry name="modifiable">1</entry>
            <entry name="regex"/>
            <entry name="required">0</entry>
            <entry name="initvalue"/>
         <entry name="xmlkey"/><entry name="xmlpath"/><entry name="multiline">0</entry><entry name="multilineIcon">0</entry><entry name="customfield"/><entry name="onchangereset"/><entry name="resetable">1</entry></properties>
      </text><dynradiogroup alt="1" enabled="1" fill="b" focus="" id="UC4RB_FORCE_RESTARTs.00" nl="1" text="Force Restart" tooltip="If set to YES, the computer restarts after the installation" required="0">
      <properties>
        <entry listparam="C,N" name="reference" reftype="STATIC">PCK.ITPA_SHARED.PRV.VARA.YES_NO</entry>
        <entry name="text">Force Restart</entry>
        <entry name="quotes"/>
        <entry name="id">UC4RB_FORCE_RESTARTs.00</entry>
        <entry name="enabled">0</entry>
        <entry name="focus">0</entry>
        <entry name="tooltip">If set to YES, the computer restarts after the installation</entry>
        <entry name="modifiable">1</entry>
      <entry name="initvalue"/><entry name="xmlkey"/><entry name="xmlpath"/><entry name="customfield"/></properties>
    </dynradiogroup><dynradiogroup alt="1" enabled="1" fill="b" focus="" id="UC4RB_ADMIN_INSTALLs.00" nl="1" text="Admin Install" tooltip="If set to YES the product will be installed administrative, if set to NO a default installation occur" required="0">
      <properties>
        <entry listparam="C,N" name="reference" reftype="STATIC">PCK.ITPA_SHARED.PRV.VARA.YES_NO</entry>
        <entry name="text">Admin Install</entry>
        <entry name="quotes"/>
        <entry name="id">UC4RB_ADMIN_INSTALLs.00</entry>
        <entry name="enabled">0</entry>
        <entry name="focus">0</entry>
        <entry name="tooltip">If set to YES the product will be installed administrative, if set to NO a default installation occur</entry>
        <entry name="modifiable">1</entry>
      <entry name="initvalue"/><entry name="xmlkey"/><entry name="xmlpath"/><entry name="customfield"/></properties>
    </dynradiogroup></readpanel></dialog>]]></XUIEDITOR>
</PROMPTSETXUI>
<PROMPTSETDATA state="1">
<DATAEDITOR><![CDATA[<PRPTS ontop="1"><PRPTBOX><UC4RB_PACKAGE_NAMEs.00 haslist="0" msgnr="-1" msginsert="" altview="0" promptname="UC4RB_PACKAGE_NAME#" ReadFromTable="OPSE"></UC4RB_PACKAGE_NAMEs.00><UC4RB_PACKAGE_PATHs.00 haslist="0" msgnr="-1" msginsert="" altview="0" promptname="UC4RB_PACKAGE_PATH#" ReadFromTable="OPSE"></UC4RB_PACKAGE_PATHs.00><UC4RB_FORCE_RESTARTs.00 haslist="0" msgnr="-1" msginsert="" altview="0" promptname="UC4RB_FORCE_RESTART#" ReadFromTable="OPSE">NO</UC4RB_FORCE_RESTARTs.00><UC4RB_ADMIN_INSTALLs.00 haslist="0" msgnr="-1" msginsert="" altview="0" promptname="UC4RB_ADMIN_INSTALL#" ReadFromTable="OPSE">YES</UC4RB_ADMIN_INSTALLs.00></PRPTBOX></PRPTS>]]></DATAEDITOR>
</PROMPTSETDATA>
<DOCU_Docu state="1" type="text">
<DOC/>
</DOCU_Docu>
</PRPT>
<JOBP AllowExternal="1" name="PCK.AUTOMIC_MSI.PUB.ACTION.UNINSTALL_MSI">
<XHEADER state="1">
<Title>MSI Uninstall</Title>
<ArchiveKey1/>
<ArchiveKey2/>
<Active>1</Active>
<OH_SubType/>
<CustomAttributes KeyListID="0" dataRequestID="0"/>
</XHEADER>
<SYNCREF state="1">
<Syncs/>
</SYNCREF>
<ATTR_JOBP state="1">
<Queue>CLIENT_QUEUE</Queue>
<ChildQueue>*OWN</ChildQueue>
<StartType/>
<ExtRepDef>1</ExtRepDef>
<ExtRepAll>0</ExtRepAll>
<ExtRepNone>0</ExtRepNone>
<IntAccount/>
<AutoDeactNo>0</AutoDeactNo>
<AutoDeact1ErrorFree>0</AutoDeact1ErrorFree>
<AutoDeactErrorFree>1</AutoDeactErrorFree>
<DeactWhen>ANY_OK</DeactWhen>
<AutoDeactAlways>0</AutoDeactAlways>
<DeactDelay>0</DeactDelay>
<ActAtRun>1</ActAtRun>
<UC4Priority>0</UC4Priority>
<MaxParallel2>0</MaxParallel2>
<ReuseHG>1</ReuseHG>
<MpElse1>1</MpElse1>
<MpElse2>0</MpElse2>
<TZ/>
<RWhen/>
<RExecute/>
<JPA_SubType/>
</ATTR_JOBP>
<JOBP state="1">
<JobpStruct mode="design">
<task Alias="" BranchType="0" Col="1" Lnr="1" OType="&lt;START&gt;" Object="START" ParentAlias="" ParentObject="" Row="1" Text2="">
<checkpoint RollbackFlag="0" RunPerPatch="0" RunPerTarget="0" TcpADays="0" TcpATime="00:00" TcpATimeTZ="" TcpExecute="" TcpOn="0" promptatgen="0" showprompt="0"/>
<after ActFlg="1" AtimOn="0" ErlstStDays="0" ErlstStTime="00:00" ErlstStTimeTZ="" HoldFlg="0"/>
<when ChkWhenExec="0" LtstEnd="0" LtstEndDays="0" LtstEndTime="00:00" LtstSt="0" LtstStDays="0" LtstStTime="00:00" LtstTimeTZ="" WCTypeAND="1" WCTypeOR="0" WElseA="0" WElseH="0" WElseS="1" WElseX="0" WhenExecute="" WtimOn="0"/>
<preconditions>
<PreCon>
<conditions id="CONDITIONS"/>
</PreCon>
</preconditions>
<predecessors/>
<runtime MrtCancel="0" MrtDays="0" MrtErt="0" MrtExecute="0" MrtExecuteObj="" MrtFix="0" MrtMethodDate="0" MrtMethodErt="0" MrtMethodFix="0" MrtMethodNone="1" MrtOn="1" MrtTZ="" MrtTime="00:00" SrtErt="0" SrtFix="0" SrtMethodErt="0" SrtMethodFix="0" SrtMethodNone="1"/>
<result ChkRExec="0" RElseHalt="0" RElseIgn="0" RElseJPAbend="0" RExecFlag="0" RExecute="" RRepMTimes="0" RRepOn="0" RRepWait="0" RWhen=""/>
<dynvalues>
<dyntree>
<node content="1" id="PCK.AUTOMIC_MSI.PRV.PROMPTSET.UNINSTALL_MSI" name="PCK.AUTOMIC_MSI.PRV.PROMPTSET.UNINSTALL_MSI" parent="PPRPTS" type="PPROMPTSET">
<PROMPTSET name="PCK.AUTOMIC_MSI.PRV.PROMPTSET.UNINSTALL_MSI">
<PRPTBOX promptset="PCK.AUTOMIC_MSI.PRV.PROMPTSET.UNINSTALL_MSI">
<UC4RB_FORCE_RESTARTs.00 ReadFromTable="OPSE" altview="0" haslist="0" msginsert="" msgnr="" promptname="UC4RB_FORCE_RESTART#" promptsetname="PCK.AUTOMIC_MSI.PRV.PROMPTSET.UNINSTALL_MSI">NO</UC4RB_FORCE_RESTARTs.00>
<UC4RB_PACKAGE_NAMEs.00 ReadFromTable="OPSE" altview="0" haslist="0" msginsert="" msgnr="" promptname="UC4RB_PACKAGE_NAME#" promptsetname="PCK.AUTOMIC_MSI.PRV.PROMPTSET.UNINSTALL_MSI"/>
<UC4RB_PACKAGE_PATHs.00 ReadFromTable="OPSE" altview="0" haslist="0" msginsert="" msgnr="" promptname="UC4RB_PACKAGE_PATH#" promptsetname="PCK.AUTOMIC_MSI.PRV.PROMPTSET.UNINSTALL_MSI"/>
</PRPTBOX>
</PROMPTSET>
</node>
<node content="1" id="PCK.ITPA_SHARED.PRV.PROMPTSET.OVERWRITE_AGENT" name="PCK.ITPA_SHARED.PRV.PROMPTSET.OVERWRITE_AGENT" parent="PPRPTS" type="PPROMPTSET">
<PROMPTSET name="PCK.ITPA_SHARED.PRV.PROMPTSET.OVERWRITE_AGENT">
<PRPTBOX promptset="PCK.ITPA_SHARED.PRV.PROMPTSET.OVERWRITE_AGENT">
<AGENTs.00 ReadFromTable="OPSE" altview="0" haslist="0" msginsert="" msgnr="" promptname="AGENT#" promptsetname="PCK.ITPA_SHARED.PRV.PROMPTSET.OVERWRITE_AGENT"/>
<LOGINs.00 ReadFromTable="OPSE" altview="0" haslist="0" msginsert="" msgnr="" promptname="LOGIN#" promptsetname="PCK.ITPA_SHARED.PRV.PROMPTSET.OVERWRITE_AGENT"/>
</PRPTBOX>
</PROMPTSET>
</node>
</dyntree>
</dynvalues>
<CIT/>
<calendars CCTypeAll="0" CCTypeExt="0" CCTypeNone="0" CCTypeOne="1" CaleOn="0"/>
<postconditions>
<PostCon>
<conditions id="CONDITIONS"/>
</PostCon>
</postconditions>
</task>
<task Alias="" BranchType="0" Col="2" Lnr="2" OType="JOBS" Object="PCK.AUTOMIC_MSI.PRV.JOB.UNINSTALL_MSI@WINDOWS" ParentAlias="" ParentObject="" Row="1" Text2="">
<checkpoint RollbackFlag="1" RunPerPatch="0" RunPerTarget="0" TcpADays="0" TcpATime="00:00" TcpATimeTZ="" TcpExecute="" TcpOn="0" promptatgen="0" showprompt="0"/>
<after ActFlg="1" AtimOn="0" ErlstStDays="0" ErlstStTime="00:00" ErlstStTimeTZ="" HoldFlg="0"/>
<when ChkWhenExec="0" LtstEnd="0" LtstEndDays="0" LtstEndTime="00:00" LtstSt="0" LtstStDays="0" LtstStTime="00:00" LtstTimeTZ="" WCTypeAND="1" WCTypeOR="0" WElseA="1" WElseH="0" WElseS="0" WElseX="0" WhenExecute="" WtimOn="0"/>
<preconditions>
<PreCon>
<conditions id="CONDITIONS"/>
</PreCon>
</preconditions>
<predecessors>
<pre BranchType="0" Lnr="1" PreLnr="1" When="ANY_OK" type="container"/>
</predecessors>
<runtime MrtCancel="0" MrtDays="0" MrtErt="0" MrtExecute="0" MrtExecuteObj="" MrtFix="0" MrtMethodDate="0" MrtMethodErt="0" MrtMethodFix="0" MrtMethodNone="1" MrtOn="1" MrtTZ="" MrtTime="00:00" SrtErt="0" SrtFix="0" SrtMethodErt="0" SrtMethodFix="0" SrtMethodNone="1"/>
<result ChkRExec="0" RElseHalt="0" RElseIgn="0" RElseJPAbend="0" RExecFlag="0" RExecute="" RRepMTimes="0" RRepOn="0" RRepWait="0" RWhen=""/>
<dynvalues>
<dyntree>
<node content="1" id="VALUE" name="Variables" parent="" type="TASKVALUE">
<VALUE state="2">
<Values/>
<Mode>0</Mode>
</VALUE>
</node>
<node content="1" id="PVALUE" name="Parent Variables" parent="" type="TASKVALUE">
<VALUE state="2">
<Values/>
<Mode>0</Mode>
</VALUE>
</node>
<node content="1" id="PRPTS" name="PromptSets" parent="" pref="1" type="PROMPTSET"/>
<node content="0" id="PPRPTS" name="Parent PromptSets" parent="" type="PPROMPTSET"/>
<node content="1" id="PCK.AUTOMIC_MSI.PRV.PROMPTSET.UNINSTALL_MSI" name="PCK.AUTOMIC_MSI.PRV.PROMPTSET.UNINSTALL_MSI" parent="PPRPTS" type="PPROMPTSET">
<PROMPTSET name="PCK.AUTOMIC_MSI.PRV.PROMPTSET.UNINSTALL_MSI">
<PRPTBOX promptset="PCK.AUTOMIC_MSI.PRV.PROMPTSET.UNINSTALL_MSI">
<UC4RB_FORCE_RESTARTs.00 ReadFromTable="OPSE" altview="0" haslist="0" msginsert="" msgnr="" promptname="UC4RB_FORCE_RESTART#" promptsetname="PCK.AUTOMIC_MSI.PRV.PROMPTSET.UNINSTALL_MSI">NO</UC4RB_FORCE_RESTARTs.00>
<UC4RB_PACKAGE_NAMEs.00 ReadFromTable="OPSE" altview="0" haslist="0" msginsert="" msgnr="" promptname="UC4RB_PACKAGE_NAME#" promptsetname="PCK.AUTOMIC_MSI.PRV.PROMPTSET.UNINSTALL_MSI"/>
<UC4RB_PACKAGE_PATHs.00 ReadFromTable="OPSE" altview="0" haslist="0" msginsert="" msgnr="" promptname="UC4RB_PACKAGE_PATH#" promptsetname="PCK.AUTOMIC_MSI.PRV.PROMPTSET.UNINSTALL_MSI"/>
</PRPTBOX>
</PROMPTSET>
</node>
<node content="1" id="PCK.ITPA_SHARED.PRV.PROMPTSET.OVERWRITE_AGENT" name="PCK.ITPA_SHARED.PRV.PROMPTSET.OVERWRITE_AGENT" parent="PPRPTS" type="PPROMPTSET">
<PROMPTSET name="PCK.ITPA_SHARED.PRV.PROMPTSET.OVERWRITE_AGENT">
<PRPTBOX promptset="PCK.ITPA_SHARED.PRV.PROMPTSET.OVERWRITE_AGENT">
<AGENTs.00 ReadFromTable="OPSE" altview="0" haslist="0" msginsert="" msgnr="" promptname="AGENT#" promptsetname="PCK.ITPA_SHARED.PRV.PROMPTSET.OVERWRITE_AGENT"/>
<LOGINs.00 ReadFromTable="OPSE" altview="0" haslist="0" msginsert="" msgnr="" promptname="LOGIN#" promptsetname="PCK.ITPA_SHARED.PRV.PROMPTSET.OVERWRITE_AGENT"/>
</PRPTBOX>
</PROMPTSET>
</node>
</dyntree>
</dynvalues>
<CIT/>
<calendars CCTypeAll="0" CCTypeExt="0" CCTypeNone="0" CCTypeOne="1" CaleOn="0"/>
<postconditions>
<PostCon>
<conditions id="CONDITIONS"/>
</PostCon>
</postconditions>
</task>
<task Alias="" BranchType="0" Col="3" Lnr="3" OType="&lt;END&gt;" Object="END" ParentAlias="" ParentObject="" Row="1" Text2="">
<checkpoint RollbackFlag="0" RunPerPatch="0" RunPerTarget="0" TcpADays="0" TcpATime="00:00" TcpATimeTZ="" TcpExecute="" TcpOn="0" promptatgen="0" showprompt="0"/>
<after ActFlg="1" AtimOn="0" ErlstStDays="0" ErlstStTime="00:00" ErlstStTimeTZ="" HoldFlg="0"/>
<when ChkWhenExec="0" LtstEnd="0" LtstEndDays="0" LtstEndTime="00:00" LtstSt="0" LtstStDays="0" LtstStTime="00:00" LtstTimeTZ="" WCTypeAND="1" WCTypeOR="0" WElseA="1" WElseH="0" WElseS="0" WElseX="0" WhenExecute="" WtimOn="0"/>
<preconditions>
<PreCon>
<conditions id="CONDITIONS"/>
</PreCon>
</preconditions>
<predecessors>
<pre BranchType="0" Lnr="1" PreLnr="2" When="ANY_OK" type="container"/>
</predecessors>
<runtime MrtCancel="0" MrtDays="0" MrtErt="0" MrtExecute="0" MrtExecuteObj="" MrtFix="0" MrtMethodDate="0" MrtMethodErt="0" MrtMethodFix="0" MrtMethodNone="1" MrtOn="1" MrtTZ="" MrtTime="00:00" SrtErt="0" SrtFix="0" SrtMethodErt="0" SrtMethodFix="0" SrtMethodNone="1"/>
<result ChkRExec="0" RElseHalt="0" RElseIgn="0" RElseJPAbend="0" RExecFlag="0" RExecute="" RRepMTimes="0" RRepOn="0" RRepWait="0" RWhen=""/>
<dynvalues>
<dyntree>
<node content="1" id="PCK.AUTOMIC_MSI.PRV.PROMPTSET.UNINSTALL_MSI" name="PCK.AUTOMIC_MSI.PRV.PROMPTSET.UNINSTALL_MSI" parent="PPRPTS" type="PPROMPTSET">
<PROMPTSET name="PCK.AUTOMIC_MSI.PRV.PROMPTSET.UNINSTALL_MSI">
<PRPTBOX promptset="PCK.AUTOMIC_MSI.PRV.PROMPTSET.UNINSTALL_MSI">
<UC4RB_FORCE_RESTARTs.00 ReadFromTable="OPSE" altview="0" haslist="0" msginsert="" msgnr="" promptname="UC4RB_FORCE_RESTART#" promptsetname="PCK.AUTOMIC_MSI.PRV.PROMPTSET.UNINSTALL_MSI">NO</UC4RB_FORCE_RESTARTs.00>
<UC4RB_PACKAGE_NAMEs.00 ReadFromTable="OPSE" altview="0" haslist="0" msginsert="" msgnr="" promptname="UC4RB_PACKAGE_NAME#" promptsetname="PCK.AUTOMIC_MSI.PRV.PROMPTSET.UNINSTALL_MSI"/>
<UC4RB_PACKAGE_PATHs.00 ReadFromTable="OPSE" altview="0" haslist="0" msginsert="" msgnr="" promptname="UC4RB_PACKAGE_PATH#" promptsetname="PCK.AUTOMIC_MSI.PRV.PROMPTSET.UNINSTALL_MSI"/>
</PRPTBOX>
</PROMPTSET>
</node>
<node content="1" id="PCK.ITPA_SHARED.PRV.PROMPTSET.OVERWRITE_AGENT" name="PCK.ITPA_SHARED.PRV.PROMPTSET.OVERWRITE_AGENT" parent="PPRPTS" type="PPROMPTSET">
<PROMPTSET name="PCK.ITPA_SHARED.PRV.PROMPTSET.OVERWRITE_AGENT">
<PRPTBOX promptset="PCK.ITPA_SHARED.PRV.PROMPTSET.OVERWRITE_AGENT">
<AGENTs.00 ReadFromTable="OPSE" altview="0" haslist="0" msginsert="" msgnr="" promptname="AGENT#" promptsetname="PCK.ITPA_SHARED.PRV.PROMPTSET.OVERWRITE_AGENT"/>
<LOGINs.00 ReadFromTable="OPSE" altview="0" haslist="0" msginsert="" msgnr="" promptname="LOGIN#" promptsetname="PCK.ITPA_SHARED.PRV.PROMPTSET.OVERWRITE_AGENT"/>
</PRPTBOX>
</PROMPTSET>
</node>
</dyntree>
</dynvalues>
<CIT/>
<calendars CCTypeAll="0" CCTypeExt="0" CCTypeNone="0" CCTypeOne="1" CaleOn="0"/>
<postconditions>
<PostCon>
<conditions id="CONDITIONS"/>
</PostCon>
</postconditions>
</task>
<OPTIONS/>
</JobpStruct>
</JOBP>
<RUNTIME state="1">
<MaxRetCode>0</MaxRetCode>
<MrcExecute/>
<MrcElseE>0</MrcElseE>
<FcstStatus>0| |</FcstStatus>
<Ert>0</Ert>
<ErtMethodDef>1</ErtMethodDef>
<ErtMethodFix>0</ErtMethodFix>
<ErtFix>0</ErtFix>
<ErtDynMethod>2|Average</ErtDynMethod>
<ErtMethodDyn>0</ErtMethodDyn>
<ErtCnt>0</ErtCnt>
<ErtCorr>0</ErtCorr>
<ErtIgn>0</ErtIgn>
<ErtIgnFlg>0</ErtIgnFlg>
<ErtMinCnt>0</ErtMinCnt>
<MrtMethodNone>1</MrtMethodNone>
<MrtMethodFix>0</MrtMethodFix>
<MrtFix>0</MrtFix>
<MrtMethodErt>0</MrtMethodErt>
<MrtErt>0</MrtErt>
<MrtMethodDate>0</MrtMethodDate>
<MrtDays>0</MrtDays>
<MrtTime>00:00</MrtTime>
<MrtTZ/>
<SrtMethodNone>1</SrtMethodNone>
<SrtMethodFix>0</SrtMethodFix>
<SrtFix>0</SrtFix>
<SrtMethodErt>0</SrtMethodErt>
<SrtErt>0</SrtErt>
<MrtCancel>0</MrtCancel>
<MrtExecute>0</MrtExecute>
<MrtExecuteObj/>
</RUNTIME>
<DYNVALUES state="1">
<dyntree>
<node content="1" id="VALUE" name="Variables" parent="" type="VALUE">
<VALUE state="1">
<Values/>
<Mode>0</Mode>
</VALUE>
</node>
<node content="1" id="PCK.AUTOMIC_MSI.PRV.PROMPTSET.UNINSTALL_MSI" name="PCK.AUTOMIC_MSI.PRV.PROMPTSET.UNINSTALL_MSI" parent="PRPTS" type="PROMPTSET">
<PROMPTSET name="PCK.AUTOMIC_MSI.PRV.PROMPTSET.UNINSTALL_MSI" ontop="1">
<PRPTBOX promptset="PCK.AUTOMIC_MSI.PRV.PROMPTSET.UNINSTALL_MSI" prptmode="1"/>
</PROMPTSET>
</node>
<node content="1" id="PCK.ITPA_SHARED.PRV.PROMPTSET.OVERWRITE_AGENT" name="PCK.ITPA_SHARED.PRV.PROMPTSET.OVERWRITE_AGENT" parent="PRPTS" type="PROMPTSET">
<PROMPTSET name="PCK.ITPA_SHARED.PRV.PROMPTSET.OVERWRITE_AGENT" ontop="1">
<PRPTBOX promptset="PCK.ITPA_SHARED.PRV.PROMPTSET.OVERWRITE_AGENT" prptmode="1"/>
</PROMPTSET>
</node>
</dyntree>
</DYNVALUES>
<DEPLOYMENT state="1">
<DeploymentFlag>0</DeploymentFlag>
<WFTypeA>1</WFTypeA>
<WFTypeC>0</WFTypeC>
<AppName/>
<WFName/>
<ComponentName/>
</DEPLOYMENT>
<ROLLBACK state="1">
<RollbackFlag>0</RollbackFlag>
<CBackupObj/>
<CRollbackObj/>
<FBackupPath/>
<FDeleteBefore>0</FDeleteBefore>
<FInclSubDirs>0</FInclSubDirs>
</ROLLBACK>
<SCRIPT mode="1" state="1">
<MSCRI/>
</SCRIPT>
<DOCU_Docu state="1" type="text">
<DOC><![CDATA[Uninstalls MSI package.

Calls msiexec utility to uninstall MSI package. Original MSI package is required by the utility. Before the installation MSI package file must be copied to target host. Target host can be optionally restarted after package installation.
]]></DOC>
</DOCU_Docu>
</JOBP>
<JOBS_WINDOWS AttrType="WINDOWS" name="PCK.AUTOMIC_MSI.PRV.JOB.UNINSTALL_MSI@WINDOWS">
<XHEADER state="1">
<Title/>
<ArchiveKey1/>
<ArchiveKey2/>
<Active>1</Active>
<OH_SubType/>
<CustomAttributes KeyListID="0" dataRequestID="0"/>
</XHEADER>
<OUTPUTREG state="1">
<FileReg/>
</OUTPUTREG>
<SYNCREF state="1">
<Syncs/>
</SYNCREF>
<ATTR_JOBS state="1">
<Queue>CLIENT_QUEUE</Queue>
<StartType/>
<HostDst>|&lt;WIN&gt;|HOST</HostDst>
<HostATTR_Type>WINDOWS</HostATTR_Type>
<CodeName/>
<Login/>
<IntAccount/>
<ExtRepDef>1</ExtRepDef>
<ExtRepAll>0</ExtRepAll>
<ExtRepNone>0</ExtRepNone>
<AutoDeactNo>0</AutoDeactNo>
<AutoDeact1ErrorFree>0</AutoDeact1ErrorFree>
<AutoDeactErrorFree>1</AutoDeactErrorFree>
<DeactWhen>ANY_OK</DeactWhen>
<DeactDelay>0</DeactDelay>
<AutoDeactAlways>0</AutoDeactAlways>
<AttDialog>0</AttDialog>
<ActAtRun>1</ActAtRun>
<Consumption>0</Consumption>
<UC4Priority>0</UC4Priority>
<MaxParallel2>0</MaxParallel2>
<MpElse1>1</MpElse1>
<MpElse2>0</MpElse2>
<TZ/>
</ATTR_JOBS>
<ATTR_WINDOWS state="1">
<OutputDb>1</OutputDb>
<OutputDbErr>0</OutputDbErr>
<OutputFile>0</OutputFile>
<IsGenerated>0</IsGenerated>
<BAT>1</BAT>
<COM>0</COM>
<WinBatch>0</WinBatch>
<Standard>1</Standard>
<Minimized>0</Minimized>
<Maximized>0</Maximized>
<JObjDefault>0</JObjDefault>
<JObjYes>1</JObjYes>
<JObjNo>0</JObjNo>
<WorkingDirectory>c:\</WorkingDirectory>
<Command/>
<LogOn>0</LogOn>
<ShowJob>0</ShowJob>
</ATTR_WINDOWS>
<RUNTIME state="1">
<MaxRetCode>0</MaxRetCode>
<MrcExecute/>
<MrcElseE>0</MrcElseE>
<FcstStatus>0| |</FcstStatus>
<Ert>0</Ert>
<ErtMethodDef>1</ErtMethodDef>
<ErtMethodFix>0</ErtMethodFix>
<ErtFix>0</ErtFix>
<ErtDynMethod>2|Average</ErtDynMethod>
<ErtMethodDyn>0</ErtMethodDyn>
<ErtCnt>0</ErtCnt>
<ErtCorr>0</ErtCorr>
<ErtIgn>0</ErtIgn>
<ErtIgnFlg>0</ErtIgnFlg>
<ErtMinCnt>0</ErtMinCnt>
<MrtMethodNone>1</MrtMethodNone>
<MrtMethodFix>0</MrtMethodFix>
<MrtFix>0</MrtFix>
<MrtMethodErt>0</MrtMethodErt>
<MrtErt>0</MrtErt>
<MrtMethodDate>0</MrtMethodDate>
<MrtDays>0</MrtDays>
<MrtTime>00:00</MrtTime>
<MrtTZ/>
<SrtMethodNone>1</SrtMethodNone>
<SrtMethodFix>0</SrtMethodFix>
<SrtFix>0</SrtFix>
<SrtMethodErt>0</SrtMethodErt>
<SrtErt>0</SrtErt>
<MrtCancel>0</MrtCancel>
<MrtExecute>0</MrtExecute>
<MrtExecuteObj/>
</RUNTIME>
<DYNVALUES state="1">
<dyntree>
<node content="1" id="VALUE" name="Variables" parent="" type="VALUE">
<VALUE state="1">
<Values/>
<Mode>0</Mode>
</VALUE>
</node>
</dyntree>
</DYNVALUES>
<ROLLBACK state="1">
<RollbackFlag>0</RollbackFlag>
<CBackupObj/>
<CRollbackObj/>
<FBackupPath/>
<FDeleteBefore>0</FDeleteBefore>
<FInclSubDirs>0</FInclSubDirs>
</ROLLBACK>
<PRE_SCRIPT mode="1" replacementmode="1" state="1">
<PSCRI><![CDATA[:INCLUDE PCK.ITPA_SHARED.PRV.INCLUDE.PREPARE_JOB]]></PSCRI>
</PRE_SCRIPT>
<SCRIPT mode="1" state="1">
<MSCRI><![CDATA[@echo off
:SET &RESTART# = "/norestart"
:SET &UC4RB_FORCE_RESTART# = STR_UC(&UC4RB_FORCE_RESTART#)
:IF &UC4RB_FORCE_RESTART# = "YES"
:  SET &RESTART# = "/forcerestart"
:ENDIF
:SET &PACKAGE_NAME_AND_PATH# = "&UC4RB_PACKAGE_PATH#\&UC4RB_PACKAGE_NAME#"
:INCLUDE PCK.ITPA_SHARED.PRV.INCLUDE.CHANGE_DIRECTORY_TO_AGENT_BIN

:SET &UC4RB_CONVERTED_STRING# = &PACKAGE_NAME_AND_PATH#
:INCLUDE PCK.ITPA_SHARED.PRV.INCLUDE.CONVERT_SLASHES_WINDOWS_STYLE
:SET &PACKAGE_NAME_AND_PATH# = &UC4RB_CONVERTED_STRING#

if EXIST "&PACKAGE_NAME_AND_PATH#" (
echo Package file exists, continue
) ELSE (
echo Package files does not exist
exit /b 1
)

%SYSTEMROOT%\system32\msiexec.exe /x "&PACKAGE_NAME_AND_PATH#" /qn &RESTART# /l msi_uninstallation_log-&$RUNID#.log

set returncode=%errorlevel%
if %returncode% EQU 0 (
echo MSI UnInstallation started
) else (
echo MSI UnInstallation failed to start
exit /b %returncode%
)

type msi_uninstallation_log-&$RUNID#.log
del msi_uninstallation_log-&$RUNID#.log
exit /b 0

:INCLUDE PCK.ITPA_SHARED.PRV.INCLUDE.CHECK_CMDLINE_CMD@WINDOWS]]></MSCRI>
</SCRIPT>
<OUTPUTSCAN state="1">
<Inherit>N</Inherit>
<filterobjects/>
<HostFsc/>
<LoginFsc/>
</OUTPUTSCAN>
<POST_SCRIPT mode="1" replacementmode="1" state="1">
<OSCRI><![CDATA[:SET &REMOVING_SUCCESS# = 'NO'

:SET &HND# = PREP_PROCESS_REPORT("JOBS",,"REP","MSI*Removal completed successfully.*")
:PROCESS &HND#
:  P "Removal completed successfully."
:  SET &REMOVING_SUCCESS# = 'YES'
:ENDPROCESS
:CLOSE_PROCESS &HND#

:IF &REMOVING_SUCCESS# = 'NO'
:  P "Removal failed."
!  IF current status is END_OK we should correct it
:  SET &RET# = GET_UC_OBJECT_STATUS(,,"RETCODE")
:  IF &RET# = 0
:    MODIFY_STATE STATUS_TEXT="Removal failed."
:    MODIFY_STATE RETCODE=1
:  ENDIF
:ENDIF]]></OSCRI>
</POST_SCRIPT>
<DOCU_Docu state="1" type="text">
<DOC/>
</DOCU_Docu>
</JOBS_WINDOWS>
<PRPT name="PCK.AUTOMIC_MSI.PRV.PROMPTSET.UNINSTALL_MSI">
<HEADER state="1">
<Title/>
<ArchiveKey1/>
<ArchiveKey2/>
<OH_SubType/>
</HEADER>
<PROMPTDESIGNER state="1">
<DESIGNER/>
</PROMPTDESIGNER>
<PROMPTSETXUI state="1">
<XUIEDITOR><![CDATA[<dialog height="506" icon="PRPT" id="PRPTS" left="138" top="0" width="282"><readpanel fill="b" id="PRPTBOX" nl="1" scroll="v" text="Parameters"><properties><entry name="text">Parameters</entry><entry name="modifiable">0</entry></properties><text alt="1" enabled="1" fill="b" focus="0" id="UC4RB_PACKAGE_NAMEs.00" inputassistance="0" len="" nl="1" regex="" required="0" separator=";" showaspassword="0" text="Package name" tooltip="Package name e.g: myPackage.msi" upper="0" multiline="0" multilineIcon="0"><oninputassistant><command request="_internal" target="_view" targetaction="setAttribute" targetparam="promptname|@id"/><command request="_internal" target="_view" targetaction="setAttribute" targetparam="promptvalue|@value"/><command owner="_promptsetcontainer" owneraction="getData" request="getpromptinputassistance" target="_chainwindow"/></oninputassistant>
         
         <properties>
            <entry listparam="C" name="reference" reftype="STATIC">UC_DATATYPE_STRING</entry>
            <entry name="text">Package name</entry>
            <entry name="multiselect">0</entry>
            <entry name="separator">;</entry>
            <entry name="len"/>
            <entry name="quotes"/>
            <entry name="id">UC4RB_PACKAGE_NAMEs.00</entry>
            <entry name="inputassistance">0</entry>
            <entry name="enabled">0</entry>
            <entry name="upper">0</entry>
            <entry name="focus">0</entry>
            <entry name="showaspassword">0</entry>
            <entry name="tooltip">Package name e.g: myPackage.msi</entry>
            <entry name="modifiable">1</entry>
            <entry name="regex"/>
            <entry name="required">0</entry>
            <entry name="initvalue"/>
         <entry name="customfield"/>
         <entry name="xmlkey"/><entry name="xmlpath"/><entry name="multiline">0</entry><entry name="multilineIcon">0</entry><entry name="onchangereset"/><entry name="resetable">1</entry></properties>
      </text><text alt="1" enabled="1" fill="b" focus="0" id="UC4RB_PACKAGE_PATHs.00" inputassistance="0" len="" nl="1" regex="" required="0" separator=";" showaspassword="0" text="Package path" tooltip="Path to the directory where the msi file is located without the Package name. E.g: c:\downloads\" upper="0" multiline="0" multilineIcon="0"><oninputassistant><command request="_internal" target="_view" targetaction="setAttribute" targetparam="promptname|@id"/><command request="_internal" target="_view" targetaction="setAttribute" targetparam="promptvalue|@value"/><command owner="_promptsetcontainer" owneraction="getData" request="getpromptinputassistance" target="_chainwindow"/></oninputassistant>
         
         <properties>
            <entry listparam="C" name="reference" reftype="STATIC">UC_DATATYPE_STRING</entry>
            <entry name="text">Package path</entry>
            <entry name="multiselect">0</entry>
            <entry name="separator">;</entry>
            <entry name="len"/>
            <entry name="quotes"/>
            <entry name="id">UC4RB_PACKAGE_PATHs.00</entry>
            <entry name="inputassistance">0</entry>
            <entry name="enabled">0</entry>
            <entry name="upper">0</entry>
            <entry name="focus">0</entry>
            <entry name="showaspassword">0</entry>
            <entry name="tooltip">Path to the directory where the msi file is located without the Package name. E.g: c:\downloads\</entry>
            <entry name="modifiable">1</entry>
            <entry name="regex"/>
            <entry name="required">0</entry>
            <entry name="initvalue"/>
         <entry name="customfield"/>
         <entry name="xmlkey"/><entry name="xmlpath"/><entry name="multiline">0</entry><entry name="multilineIcon">0</entry><entry name="onchangereset"/><entry name="resetable">1</entry></properties>
      </text><dynradiogroup alt="1" enabled="1" fill="b" focus="1" id="UC4RB_FORCE_RESTARTs.00" nl="1" text="Force Restart" tooltip="If set to YES, the computer restarts after the uninstallation" required="0">
      <properties>
        <entry listparam="C,N" name="reference" reftype="STATIC">PCK.ITPA_SHARED.PRV.VARA.YES_NO</entry>
        <entry name="text">Force Restart</entry>
        <entry name="quotes"/>
        <entry name="id">UC4RB_FORCE_RESTARTs.00</entry>
        <entry name="enabled">0</entry>
        <entry name="focus">1</entry>
        <entry name="tooltip">If set to YES, the computer restarts after the uninstallation</entry>
        <entry name="modifiable">1</entry>
      <entry name="initvalue"/>
         <entry name="customfield"/>
         <entry name="xmlkey"/><entry name="xmlpath"/></properties>
    </dynradiogroup></readpanel></dialog>]]></XUIEDITOR>
</PROMPTSETXUI>
<PROMPTSETDATA state="1">
<DATAEDITOR><![CDATA[<PRPTS ontop="1"><PRPTBOX><UC4RB_PACKAGE_NAMEs.00 haslist="0" msgnr="-1" msginsert="" altview="0" promptname="UC4RB_PACKAGE_NAME#" ReadFromTable="OPSE"></UC4RB_PACKAGE_NAMEs.00><UC4RB_PACKAGE_PATHs.00 haslist="0" msgnr="-1" msginsert="" altview="0" promptname="UC4RB_PACKAGE_PATH#" ReadFromTable="OPSE"></UC4RB_PACKAGE_PATHs.00><UC4RB_FORCE_RESTARTs.00 haslist="0" msgnr="-1" msginsert="" altview="0" promptname="UC4RB_FORCE_RESTART#" ReadFromTable="OPSE">NO</UC4RB_FORCE_RESTARTs.00></PRPTBOX></PRPTS>]]></DATAEDITOR>
</PROMPTSETDATA>
<DOCU_Docu state="1" type="text">
<DOC/>
</DOCU_Docu>
</PRPT>
</uc-export>
